Date,Ticker,Close
01/04/2010,__NTRIND,0.64
01/05/2010,__NTRIND,0.68
01/06/2010,__NTRIND,0.76
01/07/2010,__NTRIND,0.73
01/08/2010,__NTRIND,1.46
01/11/2010,__NTRIND,0.98
01/12/2010,__NTRIND,1.77
01/13/2010,__NTRIND,1.1
01/14/2010,__NTRIND,1.08
01/15/2010,__NTRIND,2.08
01/19/2010,__NTRIND,0.63
01/20/2010,__NTRIND,1.26
01/21/2010,__NTRIND,1.73
01/22/2010,__NTRIND,1.62
01/25/2010,__NTRIND,0.94
01/26/2010,__NTRIND,1.25
01/27/2010,__NTRIND,0.75
01/28/2010,__NTRIND,0.84
01/29/2010,__NTRIND,1.01
02/01/2010,__NTRIND,0.45
02/02/2010,__NTRIND,0.66
02/03/2010,__NTRIND,1.83
02/04/2010,__NTRIND,3.42
02/05/2010,__NTRIND,0.64
02/08/2010,__NTRIND,1.86
02/09/2010,__NTRIND,0.65
02/10/2010,__NTRIND,1.28
02/11/2010,__NTRIND,0.8
02/12/2010,__NTRIND,1.33
02/16/2010,__NTRIND,0.5
02/17/2010,__NTRIND,1.03
02/18/2010,__NTRIND,0.76
02/19/2010,__NTRIND,1.03
02/22/2010,__NTRIND,0.99
02/23/2010,__NTRIND,3.01
02/24/2010,__NTRIND,0.84
02/25/2010,__NTRIND,1.09
02/26/2010,__NTRIND,1
03/01/2010,__NTRIND,0.86
03/02/2010,__NTRIND,1.29
03/03/2010,__NTRIND,0.85
03/04/2010,__NTRIND,0.83
03/05/2010,__NTRIND,0.4
03/08/2010,__NTRIND,1.11
03/09/2010,__NTRIND,0.8
03/10/2010,__NTRIND,0.66
03/11/2010,__NTRIND,0.63
03/12/2010,__NTRIND,1.62
03/15/2010,__NTRIND,1.08
03/16/2010,__NTRIND,0.54
03/17/2010,__NTRIND,1.2
03/18/2010,__NTRIND,1.35
03/19/2010,__NTRIND,1.29
03/22/2010,__NTRIND,0.73
03/23/2010,__NTRIND,0.77
03/24/2010,__NTRIND,0.71
03/25/2010,__NTRIND,0.95
03/26/2010,__NTRIND,0.7
03/29/2010,__NTRIND,1.1
03/30/2010,__NTRIND,1.48
03/31/2010,__NTRIND,1.31
04/01/2010,__NTRIND,0.48
04/05/2010,__NTRIND,0.63
04/06/2010,__NTRIND,0.76
04/07/2010,__NTRIND,0.96
04/08/2010,__NTRIND,0.65
04/09/2010,__NTRIND,0.82
04/12/2010,__NTRIND,0.76
04/13/2010,__NTRIND,1.64
04/14/2010,__NTRIND,0.72
04/15/2010,__NTRIND,1.29
04/16/2010,__NTRIND,2.99
04/19/2010,__NTRIND,0.61
04/20/2010,__NTRIND,0.96
04/21/2010,__NTRIND,1.78
04/22/2010,__NTRIND,1.31
04/23/2010,__NTRIND,1.24
04/26/2010,__NTRIND,1.41
04/27/2010,__NTRIND,3.41
04/28/2010,__NTRIND,0.58
04/29/2010,__NTRIND,0.8
04/30/2010,__NTRIND,2.13
05/03/2010,__NTRIND,0.96
05/04/2010,__NTRIND,2.51
05/05/2010,__NTRIND,0.86
05/06/2010,__NTRIND,1.33
05/07/2010,__NTRIND,2.26
05/10/2010,__NTRIND,0.63
05/11/2010,__NTRIND,1.83
05/12/2010,__NTRIND,0.98
05/13/2010,__NTRIND,2.03
05/14/2010,__NTRIND,3.03
05/17/2010,__NTRIND,0.93
05/18/2010,__NTRIND,2.49
05/19/2010,__NTRIND,0.53
05/20/2010,__NTRIND,3.79
05/21/2010,__NTRIND,0.34
05/24/2010,__NTRIND,1.94
05/25/2010,__NTRIND,0.49
05/26/2010,__NTRIND,1.36
05/27/2010,__NTRIND,0.36
05/28/2010,__NTRIND,2.25
06/01/2010,__NTRIND,3.31
06/02/2010,__NTRIND,0.28
06/03/2010,__NTRIND,1.04
06/04/2010,__NTRIND,12.44
06/07/2010,__NTRIND,2
06/08/2010,__NTRIND,0.48
06/09/2010,__NTRIND,1.09
06/10/2010,__NTRIND,0.16
06/11/2010,__NTRIND,1.42
06/14/2010,__NTRIND,1.45
06/15/2010,__NTRIND,0.25
06/16/2010,__NTRIND,1.23
06/17/2010,__NTRIND,1.51
06/18/2010,__NTRIND,0.99
06/21/2010,__NTRIND,0.93
06/22/2010,__NTRIND,3.55
06/23/2010,__NTRIND,1.12
06/24/2010,__NTRIND,3.09
06/25/2010,__NTRIND,1.21
06/28/2010,__NTRIND,1.3
06/29/2010,__NTRIND,5.49
06/30/2010,__NTRIND,1.52
07/01/2010,__NTRIND,0.88
07/02/2010,__NTRIND,1.72
07/06/2010,__NTRIND,0.78
07/07/2010,__NTRIND,0.29
07/08/2010,__NTRIND,0.78
07/09/2010,__NTRIND,0.82
07/12/2010,__NTRIND,0.76
07/13/2010,__NTRIND,0.64
07/14/2010,__NTRIND,1.23
07/15/2010,__NTRIND,1
07/16/2010,__NTRIND,5.13
07/19/2010,__NTRIND,0.93
07/20/2010,__NTRIND,0.82
07/21/2010,__NTRIND,2.1
07/22/2010,__NTRIND,0.69
07/23/2010,__NTRIND,1.02
07/26/2010,__NTRIND,0.62
07/27/2010,__NTRIND,1
07/28/2010,__NTRIND,1.41
07/29/2010,__NTRIND,1.34
07/30/2010,__NTRIND,1.21
08/02/2010,__NTRIND,0.4
08/03/2010,__NTRIND,1.55
08/04/2010,__NTRIND,1.27
08/05/2010,__NTRIND,1.02
08/06/2010,__NTRIND,1.59
08/09/2010,__NTRIND,1.05
08/10/2010,__NTRIND,1.42
08/11/2010,__NTRIND,6.66
08/12/2010,__NTRIND,1.26
08/13/2010,__NTRIND,1.2
08/16/2010,__NTRIND,1.59
08/17/2010,__NTRIND,0.73
08/18/2010,__NTRIND,0.83
08/19/2010,__NTRIND,2.7
08/20/2010,__NTRIND,1.76
08/23/2010,__NTRIND,1.23
08/24/2010,__NTRIND,2.06
08/25/2010,__NTRIND,1.17
08/26/2010,__NTRIND,1.86
08/27/2010,__NTRIND,0.57
08/30/2010,__NTRIND,3.79
08/31/2010,__NTRIND,0.82
09/01/2010,__NTRIND,0.25
09/02/2010,__NTRIND,0.48
09/03/2010,__NTRIND,0.36
09/07/2010,__NTRIND,2.02
09/08/2010,__NTRIND,0.82
09/09/2010,__NTRIND,0.76
09/10/2010,__NTRIND,0.84
09/13/2010,__NTRIND,0.6
09/14/2010,__NTRIND,1.09
09/15/2010,__NTRIND,0.92
09/16/2010,__NTRIND,0.84
09/17/2010,__NTRIND,1.86
09/20/2010,__NTRIND,0.34
09/21/2010,__NTRIND,1.25
09/22/2010,__NTRIND,1.23
09/23/2010,__NTRIND,1.29
09/24/2010,__NTRIND,0.52
09/27/2010,__NTRIND,1.22
09/28/2010,__NTRIND,0.72
09/29/2010,__NTRIND,1.35
09/30/2010,__NTRIND,1.37
10/01/2010,__NTRIND,0.68
10/04/2010,__NTRIND,1.39
10/05/2010,__NTRIND,0.28
10/06/2010,__NTRIND,1.03
10/07/2010,__NTRIND,1.21
10/08/2010,__NTRIND,0.96
10/11/2010,__NTRIND,1.37
10/12/2010,__NTRIND,0.69
10/13/2010,__NTRIND,1.05
10/14/2010,__NTRIND,1.5
10/15/2010,__NTRIND,1.24
10/18/2010,__NTRIND,0.72
10/19/2010,__NTRIND,1.89
10/20/2010,__NTRIND,1.08
10/21/2010,__NTRIND,1.17
10/22/2010,__NTRIND,1
10/25/2010,__NTRIND,0.83
10/26/2010,__NTRIND,0.91
10/27/2010,__NTRIND,0.93
10/28/2010,__NTRIND,1.08
10/29/2010,__NTRIND,1.19
11/01/2010,__NTRIND,1.22
11/02/2010,__NTRIND,1.02
11/03/2010,__NTRIND,0.77
11/04/2010,__NTRIND,0.48
11/05/2010,__NTRIND,0.7
11/08/2010,__NTRIND,1.02
11/09/2010,__NTRIND,1.58
11/10/2010,__NTRIND,0.72
11/11/2010,__NTRIND,0.9
11/12/2010,__NTRIND,1.82
11/15/2010,__NTRIND,0.93
11/16/2010,__NTRIND,2.21
11/17/2010,__NTRIND,1.34
11/18/2010,__NTRIND,1.95
11/19/2010,__NTRIND,1
11/22/2010,__NTRIND,1.57
11/23/2010,__NTRIND,2.81
11/24/2010,__NTRIND,0.44
11/26/2010,__NTRIND,2.11
11/29/2010,__NTRIND,0.79
11/30/2010,__NTRIND,0.88
12/01/2010,__NTRIND,0.26
12/02/2010,__NTRIND,0.42
12/03/2010,__NTRIND,0.68
12/06/2010,__NTRIND,1.07
12/07/2010,__NTRIND,0.52
12/08/2010,__NTRIND,0.41
12/09/2010,__NTRIND,0.51
12/10/2010,__NTRIND,0.55
12/13/2010,__NTRIND,0.72
12/14/2010,__NTRIND,1.07
12/15/2010,__NTRIND,1.58
12/16/2010,__NTRIND,0.73
12/17/2010,__NTRIND,0.83
12/20/2010,__NTRIND,0.56
12/21/2010,__NTRIND,0.6
12/22/2010,__NTRIND,1.07
12/23/2010,__NTRIND,1.58
12/27/2010,__NTRIND,0.98
12/28/2010,__NTRIND,0.8
12/29/2010,__NTRIND,1.1
12/30/2010,__NTRIND,1.19
12/31/2010,__NTRIND,1.07
01/03/2011,__NTRIND,0.55
01/04/2011,__NTRIND,0.84
01/05/2011,__NTRIND,0.64
01/06/2011,__NTRIND,1.31
01/07/2011,__NTRIND,1.15
01/10/2011,__NTRIND,1.28
01/11/2011,__NTRIND,0.81
01/12/2011,__NTRIND,0.57
01/13/2011,__NTRIND,1.29
01/14/2011,__NTRIND,0.52
01/18/2011,__NTRIND,1.55
01/19/2011,__NTRIND,2.45
01/20/2011,__NTRIND,0.71
01/21/2011,__NTRIND,0.83
01/24/2011,__NTRIND,1.23
01/25/2011,__NTRIND,1.81
01/26/2011,__NTRIND,1.24
01/27/2011,__NTRIND,0.85
01/28/2011,__NTRIND,1.38
01/31/2011,__NTRIND,1.02
02/01/2011,__NTRIND,0.63
02/02/2011,__NTRIND,1.6
02/03/2011,__NTRIND,0.77
02/04/2011,__NTRIND,0.92
02/07/2011,__NTRIND,0.74
02/08/2011,__NTRIND,0.97
02/09/2011,__NTRIND,1
02/10/2011,__NTRIND,1.26
02/11/2011,__NTRIND,1.14
02/14/2011,__NTRIND,0.84
02/15/2011,__NTRIND,0.86
02/16/2011,__NTRIND,1.11
02/17/2011,__NTRIND,0.75
02/18/2011,__NTRIND,1.35
02/22/2011,__NTRIND,1.39
02/23/2011,__NTRIND,1.05
02/24/2011,__NTRIND,1.59
02/25/2011,__NTRIND,0.69
02/28/2011,__NTRIND,1.06
03/01/2011,__NTRIND,2.52
03/02/2011,__NTRIND,0.98
03/03/2011,__NTRIND,0.58
03/04/2011,__NTRIND,1.67
03/07/2011,__NTRIND,1.25
03/08/2011,__NTRIND,0.94
03/09/2011,__NTRIND,1.03
03/10/2011,__NTRIND,1.75
03/11/2011,__NTRIND,0.51
03/14/2011,__NTRIND,1.1
03/15/2011,__NTRIND,1.22
03/16/2011,__NTRIND,3.13
03/17/2011,__NTRIND,0.66
03/18/2011,__NTRIND,1.07
03/21/2011,__NTRIND,1.6
03/22/2011,__NTRIND,1.54
03/23/2011,__NTRIND,1.15
03/24/2011,__NTRIND,0.54
03/25/2011,__NTRIND,1.04
03/28/2011,__NTRIND,1.14
03/29/2011,__NTRIND,1.05
03/30/2011,__NTRIND,0.83
03/31/2011,__NTRIND,2
04/01/2011,__NTRIND,0.79
04/04/2011,__NTRIND,1.14
04/05/2011,__NTRIND,0.84
04/06/2011,__NTRIND,0.81
04/07/2011,__NTRIND,0.81
04/08/2011,__NTRIND,1.11
04/11/2011,__NTRIND,0.92
04/12/2011,__NTRIND,0.71
04/13/2011,__NTRIND,1.4
04/14/2011,__NTRIND,1.12
04/15/2011,__NTRIND,1.26
04/18/2011,__NTRIND,2.24
04/19/2011,__NTRIND,0.86
04/20/2011,__NTRIND,1.46
04/21/2011,__NTRIND,1.07
04/25/2011,__NTRIND,1.3
04/26/2011,__NTRIND,1.1
04/27/2011,__NTRIND,0.83
04/28/2011,__NTRIND,0.99
04/29/2011,__NTRIND,1.26
05/02/2011,__NTRIND,1.14
05/03/2011,__NTRIND,0.85
05/04/2011,__NTRIND,1.47
05/05/2011,__NTRIND,1.61
05/06/2011,__NTRIND,0.88
05/09/2011,__NTRIND,1.1
05/10/2011,__NTRIND,1.12
05/11/2011,__NTRIND,2.11
05/12/2011,__NTRIND,1.3
05/13/2011,__NTRIND,1.74
05/16/2011,__NTRIND,0.96
05/17/2011,__NTRIND,0.83
05/18/2011,__NTRIND,0.97
05/19/2011,__NTRIND,1.2
05/20/2011,__NTRIND,1.47
05/23/2011,__NTRIND,2.34
05/24/2011,__NTRIND,0.78
05/25/2011,__NTRIND,1.32
05/26/2011,__NTRIND,0.88
05/27/2011,__NTRIND,0.87
05/31/2011,__NTRIND,0.78
06/01/2011,__NTRIND,4.61
06/02/2011,__NTRIND,1.11
06/03/2011,__NTRIND,1.53
06/06/2011,__NTRIND,3.37
06/07/2011,__NTRIND,1.17
06/08/2011,__NTRIND,1.13
06/09/2011,__NTRIND,0.57
06/10/2011,__NTRIND,1.31
06/13/2011,__NTRIND,0.92
06/14/2011,__NTRIND,0.62
06/15/2011,__NTRIND,2.2
06/16/2011,__NTRIND,0.88
06/17/2011,__NTRIND,0.85
06/20/2011,__NTRIND,0.87
06/21/2011,__NTRIND,0.71
06/22/2011,__NTRIND,1.67
06/23/2011,__NTRIND,1.36
06/24/2011,__NTRIND,2.27
06/27/2011,__NTRIND,0.64
06/28/2011,__NTRIND,0.73
06/29/2011,__NTRIND,0.55
06/30/2011,__NTRIND,0.82
07/01/2011,__NTRIND,0.43
07/05/2011,__NTRIND,1.57
07/06/2011,__NTRIND,1.21
07/07/2011,__NTRIND,0.77
07/08/2011,__NTRIND,2.03
07/11/2011,__NTRIND,5.17
07/12/2011,__NTRIND,1.54
07/13/2011,__NTRIND,0.96
07/14/2011,__NTRIND,1.25
07/15/2011,__NTRIND,1.24
07/18/2011,__NTRIND,1.9
07/19/2011,__NTRIND,0.62
07/20/2011,__NTRIND,0.92
07/21/2011,__NTRIND,0.78
07/22/2011,__NTRIND,0.96
07/25/2011,__NTRIND,0.86
07/26/2011,__NTRIND,0.83
07/27/2011,__NTRIND,1.54
07/28/2011,__NTRIND,1.1
07/29/2011,__NTRIND,1.2
08/01/2011,__NTRIND,1.94
08/02/2011,__NTRIND,4.49
08/03/2011,__NTRIND,0.93
08/04/2011,__NTRIND,4.64
08/05/2011,__NTRIND,0.57
08/08/2011,__NTRIND,1.63
08/09/2011,__NTRIND,0.33
08/10/2011,__NTRIND,5.74
08/11/2011,__NTRIND,0.35
08/12/2011,__NTRIND,1.15
08/15/2011,__NTRIND,0.38
08/16/2011,__NTRIND,1.64
08/17/2011,__NTRIND,1.03
08/18/2011,__NTRIND,2.19
08/19/2011,__NTRIND,1.78
08/22/2011,__NTRIND,0.89
08/23/2011,__NTRIND,0.76
08/24/2011,__NTRIND,0.66
08/25/2011,__NTRIND,1.15
08/26/2011,__NTRIND,0.54
08/29/2011,__NTRIND,0.3
08/30/2011,__NTRIND,1.24
08/31/2011,__NTRIND,0.72
09/01/2011,__NTRIND,2.25
09/02/2011,__NTRIND,3.64
09/06/2011,__NTRIND,1.45
09/07/2011,__NTRIND,0.39
09/08/2011,__NTRIND,1.62
09/09/2011,__NTRIND,5.31
09/12/2011,__NTRIND,0.69
09/13/2011,__NTRIND,1.02
09/14/2011,__NTRIND,0.49
09/15/2011,__NTRIND,0.41
09/16/2011,__NTRIND,0.81
09/19/2011,__NTRIND,1.88
09/20/2011,__NTRIND,1.01
09/21/2011,__NTRIND,4.06
09/22/2011,__NTRIND,2.53
09/23/2011,__NTRIND,0.86
09/26/2011,__NTRIND,0.31
09/27/2011,__NTRIND,1.25
09/28/2011,__NTRIND,4.84
09/29/2011,__NTRIND,0.83
09/30/2011,__NTRIND,3.93
10/03/2011,__NTRIND,3.41
10/04/2011,__NTRIND,0.26
10/05/2011,__NTRIND,0.53
10/06/2011,__NTRIND,0.35
10/07/2011,__NTRIND,1.65
10/10/2011,__NTRIND,0.47
10/11/2011,__NTRIND,0.95
10/12/2011,__NTRIND,0.84
10/13/2011,__NTRIND,1.22
10/14/2011,__NTRIND,0.68
10/17/2011,__NTRIND,2.2
10/18/2011,__NTRIND,0.41
10/19/2011,__NTRIND,1.88
10/20/2011,__NTRIND,0.79
10/21/2011,__NTRIND,1.01
10/24/2011,__NTRIND,0.7
10/25/2011,__NTRIND,2.25
10/26/2011,__NTRIND,0.89
10/27/2011,__NTRIND,0.37
10/28/2011,__NTRIND,0.9
10/31/2011,__NTRIND,2.11
11/01/2011,__NTRIND,2.54
11/02/2011,__NTRIND,0.57
11/03/2011,__NTRIND,0.61
11/04/2011,__NTRIND,1.19
11/07/2011,__NTRIND,0.73
11/08/2011,__NTRIND,0.63
11/09/2011,__NTRIND,7
11/10/2011,__NTRIND,0.93
11/11/2011,__NTRIND,0.45
11/14/2011,__NTRIND,1.93
11/15/2011,__NTRIND,0.93
11/16/2011,__NTRIND,1.78
11/17/2011,__NTRIND,2.73
11/18/2011,__NTRIND,1.14
11/21/2011,__NTRIND,2.42
11/22/2011,__NTRIND,1.68
11/23/2011,__NTRIND,3.35
11/25/2011,__NTRIND,1.12
11/28/2011,__NTRIND,0.13
11/29/2011,__NTRIND,0.97
11/30/2011,__NTRIND,0.28
12/01/2011,__NTRIND,0.94
12/02/2011,__NTRIND,1.1
12/05/2011,__NTRIND,0.58
12/06/2011,__NTRIND,1.02
12/07/2011,__NTRIND,0.78
12/08/2011,__NTRIND,5.04
12/09/2011,__NTRIND,0.52
12/12/2011,__NTRIND,2.45
12/13/2011,__NTRIND,1.94
12/14/2011,__NTRIND,1.42
12/15/2011,__NTRIND,0.94
12/16/2011,__NTRIND,0.83
12/19/2011,__NTRIND,2.71
12/20/2011,__NTRIND,0.17
12/21/2011,__NTRIND,0.68
12/22/2011,__NTRIND,0.77
12/23/2011,__NTRIND,0.64
12/27/2011,__NTRIND,1.37
12/28/2011,__NTRIND,5.32
12/29/2011,__NTRIND,0.34
12/30/2011,__NTRIND,1.38
01/03/2012,__NTRIND,0.8
01/04/2012,__NTRIND,0.92
01/05/2012,__NTRIND,1.13
01/06/2012,__NTRIND,1.46
01/09/2012,__NTRIND,0.91
01/10/2012,__NTRIND,0.86
01/11/2012,__NTRIND,0.8
01/12/2012,__NTRIND,1.06
01/13/2012,__NTRIND,1.56
01/17/2012,__NTRIND,1.22
01/18/2012,__NTRIND,0.64
01/19/2012,__NTRIND,1
01/20/2012,__NTRIND,1.09
01/23/2012,__NTRIND,1.03
01/24/2012,__NTRIND,1.07
01/25/2012,__NTRIND,0.87
01/26/2012,__NTRIND,1.87
01/27/2012,__NTRIND,1.84
01/30/2012,__NTRIND,1.46
01/31/2012,__NTRIND,1.34
02/01/2012,__NTRIND,0.84
02/02/2012,__NTRIND,0.98
02/03/2012,__NTRIND,0.59
02/06/2012,__NTRIND,0.8
02/07/2012,__NTRIND,1.18
02/08/2012,__NTRIND,0.97
02/09/2012,__NTRIND,0.89
02/10/2012,__NTRIND,1.35
02/13/2012,__NTRIND,1.07
02/14/2012,__NTRIND,1.03
02/15/2012,__NTRIND,1.36
02/16/2012,__NTRIND,0.5
02/17/2012,__NTRIND,1.06
02/21/2012,__NTRIND,0.97
02/22/2012,__NTRIND,1.27
02/23/2012,__NTRIND,1.09
02/24/2012,__NTRIND,1.12
02/27/2012,__NTRIND,0.84
02/28/2012,__NTRIND,0.9
02/29/2012,__NTRIND,1.27
03/01/2012,__NTRIND,0.83
03/02/2012,__NTRIND,0.98
03/05/2012,__NTRIND,1.35
03/06/2012,__NTRIND,2.4
03/07/2012,__NTRIND,0.8
03/08/2012,__NTRIND,0.72
03/09/2012,__NTRIND,1.15
03/12/2012,__NTRIND,1.27
03/13/2012,__NTRIND,0.45
03/14/2012,__NTRIND,0.6
03/15/2012,__NTRIND,0.45
03/16/2012,__NTRIND,0.68
03/19/2012,__NTRIND,1.39
03/20/2012,__NTRIND,0.94
03/21/2012,__NTRIND,1.24
03/22/2012,__NTRIND,1.74
03/23/2012,__NTRIND,0.92
03/26/2012,__NTRIND,0.55
03/27/2012,__NTRIND,1.69
03/28/2012,__NTRIND,1.59
03/29/2012,__NTRIND,0.91
03/30/2012,__NTRIND,0.68
04/02/2012,__NTRIND,0.77
04/03/2012,__NTRIND,1.33
04/04/2012,__NTRIND,1.42
04/05/2012,__NTRIND,1.59
04/09/2012,__NTRIND,2.5
04/10/2012,__NTRIND,2.55
04/11/2012,__NTRIND,0.92
04/12/2012,__NTRIND,0.46
04/13/2012,__NTRIND,1.91
04/16/2012,__NTRIND,1.14
04/17/2012,__NTRIND,0.45
04/18/2012,__NTRIND,1.11
04/19/2012,__NTRIND,1.33
04/20/2012,__NTRIND,1.42
04/23/2012,__NTRIND,1.98
04/24/2012,__NTRIND,0.85
04/25/2012,__NTRIND,0.89
04/26/2012,__NTRIND,0.99
04/27/2012,__NTRIND,1.43
04/30/2012,__NTRIND,1.2
05/01/2012,__NTRIND,0.72
05/02/2012,__NTRIND,1.59
05/03/2012,__NTRIND,1.53
05/04/2012,__NTRIND,1.88
05/07/2012,__NTRIND,1.01
05/08/2012,__NTRIND,1.76
05/09/2012,__NTRIND,1.02
05/10/2012,__NTRIND,1.04
05/11/2012,__NTRIND,1.39
05/14/2012,__NTRIND,1.38
05/15/2012,__NTRIND,2.01
05/16/2012,__NTRIND,1.16
05/17/2012,__NTRIND,1.25
05/18/2012,__NTRIND,0.78
05/21/2012,__NTRIND,1.13
05/22/2012,__NTRIND,1.18
05/23/2012,__NTRIND,0.94
05/24/2012,__NTRIND,1.25
05/25/2012,__NTRIND,0.9
05/29/2012,__NTRIND,0.48
05/30/2012,__NTRIND,2.04
05/31/2012,__NTRIND,1.15
06/01/2012,__NTRIND,2.13
06/04/2012,__NTRIND,1.24
06/05/2012,__NTRIND,0.67
06/06/2012,__NTRIND,0.62
06/07/2012,__NTRIND,1.07
06/08/2012,__NTRIND,0.95
06/11/2012,__NTRIND,2.8
06/12/2012,__NTRIND,0.6
06/13/2012,__NTRIND,1.37
06/14/2012,__NTRIND,0.6
06/15/2012,__NTRIND,0.59
06/18/2012,__NTRIND,1.46
06/19/2012,__NTRIND,0.97
06/20/2012,__NTRIND,1.07
06/21/2012,__NTRIND,3.39
06/22/2012,__NTRIND,1.11
06/25/2012,__NTRIND,2.46
06/26/2012,__NTRIND,0.94
06/27/2012,__NTRIND,0.9
06/28/2012,__NTRIND,1.17
06/29/2012,__NTRIND,0.88
07/02/2012,__NTRIND,1.31
07/03/2012,__NTRIND,1.15
07/05/2012,__NTRIND,1.76
07/06/2012,__NTRIND,2.07
07/09/2012,__NTRIND,1.6
07/10/2012,__NTRIND,2.29
07/11/2012,__NTRIND,1.08
07/12/2012,__NTRIND,1.54
07/13/2012,__NTRIND,0.62
07/16/2012,__NTRIND,1.34
07/17/2012,__NTRIND,0.8
07/18/2012,__NTRIND,1.02
07/19/2012,__NTRIND,1
07/20/2012,__NTRIND,1.63
07/23/2012,__NTRIND,0.85
07/24/2012,__NTRIND,1.3
07/25/2012,__NTRIND,1.2
07/26/2012,__NTRIND,0.65
07/27/2012,__NTRIND,0.28
07/30/2012,__NTRIND,0.9
07/31/2012,__NTRIND,1.4
08/01/2012,__NTRIND,1.07
08/02/2012,__NTRIND,2.2
08/03/2012,__NTRIND,0.6
08/06/2012,__NTRIND,0.87
08/07/2012,__NTRIND,0.79
08/08/2012,__NTRIND,0.69
08/09/2012,__NTRIND,0.78
08/10/2012,__NTRIND,0.7
08/13/2012,__NTRIND,1.18
08/14/2012,__NTRIND,1.14
08/15/2012,__NTRIND,1.01
08/16/2012,__NTRIND,0.76
08/17/2012,__NTRIND,1.16
08/20/2012,__NTRIND,0.87
08/21/2012,__NTRIND,0.91
08/22/2012,__NTRIND,0.76
08/23/2012,__NTRIND,1.67
08/24/2012,__NTRIND,0.76
08/27/2012,__NTRIND,1.32
08/28/2012,__NTRIND,1.57
08/29/2012,__NTRIND,1.26
08/30/2012,__NTRIND,1.73
08/31/2012,__NTRIND,0.75
09/04/2012,__NTRIND,1.39
09/05/2012,__NTRIND,0.83
09/06/2012,__NTRIND,0.28
09/07/2012,__NTRIND,0.86
09/10/2012,__NTRIND,1.45
09/11/2012,__NTRIND,0.67
09/12/2012,__NTRIND,1.13
09/13/2012,__NTRIND,0.38
09/14/2012,__NTRIND,0.83
09/17/2012,__NTRIND,1.21
09/18/2012,__NTRIND,1.43
09/19/2012,__NTRIND,0.97
09/20/2012,__NTRIND,1.13
09/21/2012,__NTRIND,1.57
09/24/2012,__NTRIND,1.07
09/25/2012,__NTRIND,3.08
09/26/2012,__NTRIND,1.18
09/27/2012,__NTRIND,0.67
09/28/2012,__NTRIND,1.7
10/01/2012,__NTRIND,1.01
10/02/2012,__NTRIND,1.15
10/03/2012,__NTRIND,0.88
10/04/2012,__NTRIND,0.73
10/05/2012,__NTRIND,1.21
10/08/2012,__NTRIND,1.05
10/09/2012,__NTRIND,0.85
10/10/2012,__NTRIND,1.53
10/11/2012,__NTRIND,0.97
10/12/2012,__NTRIND,1.78
10/15/2012,__NTRIND,0.8
10/16/2012,__NTRIND,0.81
10/17/2012,__NTRIND,0.79
10/18/2012,__NTRIND,0.77
10/19/2012,__NTRIND,2.48
10/22/2012,__NTRIND,1.04
10/23/2012,__NTRIND,2.75
10/24/2012,__NTRIND,1.48
10/25/2012,__NTRIND,1.11
10/26/2012,__NTRIND,1.58
10/31/2012,__NTRIND,1
11/01/2012,__NTRIND,0.83
11/02/2012,__NTRIND,1.29
11/05/2012,__NTRIND,0.9
11/06/2012,__NTRIND,0.55
11/07/2012,__NTRIND,2.31
11/08/2012,__NTRIND,1.64
11/09/2012,__NTRIND,0.83
11/12/2012,__NTRIND,1.16
11/13/2012,__NTRIND,1.15
11/14/2012,__NTRIND,1.39
11/15/2012,__NTRIND,0.68
11/16/2012,__NTRIND,1.29
11/19/2012,__NTRIND,0.51
11/20/2012,__NTRIND,1.03
11/21/2012,__NTRIND,0.95
11/23/2012,__NTRIND,0.42
11/26/2012,__NTRIND,1.16
11/27/2012,__NTRIND,1.84
11/28/2012,__NTRIND,0.57
11/29/2012,__NTRIND,0.83
11/30/2012,__NTRIND,0.88
12/03/2012,__NTRIND,1.35
12/04/2012,__NTRIND,1.04
12/05/2012,__NTRIND,0.52
12/06/2012,__NTRIND,0.84
12/07/2012,__NTRIND,0.51
12/10/2012,__NTRIND,1.09
12/11/2012,__NTRIND,0.9
12/12/2012,__NTRIND,0.79
12/13/2012,__NTRIND,1.07
12/14/2012,__NTRIND,0.96
12/17/2012,__NTRIND,0.48
12/18/2012,__NTRIND,0.49
12/19/2012,__NTRIND,1.8
12/20/2012,__NTRIND,0.67
12/21/2012,__NTRIND,1.72
12/24/2012,__NTRIND,1.14
12/26/2012,__NTRIND,0.74
12/27/2012,__NTRIND,1.47
12/28/2012,__NTRIND,2.18
12/31/2012,__NTRIND,0.22
01/02/2013,__NTRIND,0.88
01/03/2013,__NTRIND,1.15
01/04/2013,__NTRIND,0.82
01/07/2013,__NTRIND,1.21
01/08/2013,__NTRIND,1.68
01/09/2013,__NTRIND,1.67
01/10/2013,__NTRIND,0.58
01/11/2013,__NTRIND,1.59
01/14/2013,__NTRIND,1.22
01/15/2013,__NTRIND,0.7
01/16/2013,__NTRIND,1.2
01/17/2013,__NTRIND,1.49
01/18/2013,__NTRIND,1.01
01/22/2013,__NTRIND,0.78
01/23/2013,__NTRIND,1.19
01/24/2013,__NTRIND,0.95
01/25/2013,__NTRIND,0.6
01/28/2013,__NTRIND,1.17
01/29/2013,__NTRIND,0.77
01/30/2013,__NTRIND,1.04
01/31/2013,__NTRIND,1.12
02/01/2013,__NTRIND,1.09
02/04/2013,__NTRIND,1.53
02/05/2013,__NTRIND,0.79
02/06/2013,__NTRIND,0.85
02/07/2013,__NTRIND,1.38
02/08/2013,__NTRIND,1.11
02/11/2013,__NTRIND,0.87
02/12/2013,__NTRIND,0.95
02/13/2013,__NTRIND,1.54
02/14/2013,__NTRIND,0.93
02/15/2013,__NTRIND,1.36
02/19/2013,__NTRIND,0.97
02/20/2013,__NTRIND,3.02
02/21/2013,__NTRIND,1.39
02/22/2013,__NTRIND,0.68
02/25/2013,__NTRIND,2.88
02/26/2013,__NTRIND,0.8
02/27/2013,__NTRIND,0.49
02/28/2013,__NTRIND,1.08
03/01/2013,__NTRIND,1.12
03/04/2013,__NTRIND,0.8
03/05/2013,__NTRIND,0.7
03/06/2013,__NTRIND,0.63
03/07/2013,__NTRIND,0.81
03/08/2013,__NTRIND,0.96
03/11/2013,__NTRIND,0.75
03/12/2013,__NTRIND,0.98
03/13/2013,__NTRIND,1.15
03/14/2013,__NTRIND,0.7
03/15/2013,__NTRIND,1.03
03/18/2013,__NTRIND,1.73
03/19/2013,__NTRIND,1.23
03/20/2013,__NTRIND,0.93
03/21/2013,__NTRIND,1.82
03/22/2013,__NTRIND,0.89
03/25/2013,__NTRIND,1.46
03/26/2013,__NTRIND,0.85
03/27/2013,__NTRIND,1.2
03/28/2013,__NTRIND,0.9
04/01/2013,__NTRIND,1.35
04/02/2013,__NTRIND,1.08
04/03/2013,__NTRIND,1.59
04/04/2013,__NTRIND,0.73
04/05/2013,__NTRIND,0.99
04/08/2013,__NTRIND,0.62
04/09/2013,__NTRIND,0.78
04/10/2013,__NTRIND,0.93
04/11/2013,__NTRIND,0.99
04/12/2013,__NTRIND,1.49
04/15/2013,__NTRIND,1.99
04/16/2013,__NTRIND,0.74
04/17/2013,__NTRIND,2.94
04/18/2013,__NTRIND,1.08
04/19/2013,__NTRIND,0.92
04/22/2013,__NTRIND,0.86
04/23/2013,__NTRIND,0.96
04/24/2013,__NTRIND,0.87
04/25/2013,__NTRIND,0.93
04/26/2013,__NTRIND,1.31
04/29/2013,__NTRIND,0.78
04/30/2013,__NTRIND,1.24
05/01/2013,__NTRIND,1.85
05/02/2013,__NTRIND,0.98
05/03/2013,__NTRIND,0.76
05/06/2013,__NTRIND,0.8
05/07/2013,__NTRIND,1.16
05/08/2013,__NTRIND,0.88
05/09/2013,__NTRIND,1.13
05/10/2013,__NTRIND,0.89
05/13/2013,__NTRIND,0.97
05/14/2013,__NTRIND,0.6
05/15/2013,__NTRIND,0.59
05/16/2013,__NTRIND,1.55
05/17/2013,__NTRIND,0.62
05/20/2013,__NTRIND,0.92
05/21/2013,__NTRIND,1.01
05/22/2013,__NTRIND,1.01
05/23/2013,__NTRIND,0.94
05/24/2013,__NTRIND,1.19
05/28/2013,__NTRIND,0.72
05/29/2013,__NTRIND,0.52
05/30/2013,__NTRIND,0.79
05/31/2013,__NTRIND,1.47
06/03/2013,__NTRIND,0.56
06/04/2013,__NTRIND,1.22
06/05/2013,__NTRIND,1.81
06/06/2013,__NTRIND,0.65
06/07/2013,__NTRIND,0.78
06/10/2013,__NTRIND,0.89
06/11/2013,__NTRIND,0.86
06/12/2013,__NTRIND,1.02
06/13/2013,__NTRIND,0.57
06/14/2013,__NTRIND,1.76
06/17/2013,__NTRIND,0.73
06/18/2013,__NTRIND,0.61
06/19/2013,__NTRIND,2.47
06/20/2013,__NTRIND,1.02
06/21/2013,__NTRIND,0.92
06/24/2013,__NTRIND,1.33
06/25/2013,__NTRIND,0.6
06/26/2013,__NTRIND,0.99
06/27/2013,__NTRIND,1.26
06/28/2013,__NTRIND,1.36
07/01/2013,__NTRIND,1.2
07/02/2013,__NTRIND,0.96
07/03/2013,__NTRIND,0.73
07/05/2013,__NTRIND,0.65
07/08/2013,__NTRIND,1.09
07/09/2013,__NTRIND,0.74
07/10/2013,__NTRIND,1.36
07/11/2013,__NTRIND,0.88
07/12/2013,__NTRIND,0.8
07/15/2013,__NTRIND,0.94
07/16/2013,__NTRIND,0.97
07/17/2013,__NTRIND,0.96
07/18/2013,__NTRIND,0.8
07/19/2013,__NTRIND,0.81
07/22/2013,__NTRIND,0.73
07/23/2013,__NTRIND,0.98
07/24/2013,__NTRIND,0.88
07/25/2013,__NTRIND,0.83
07/26/2013,__NTRIND,0.97
07/29/2013,__NTRIND,0.9
07/30/2013,__NTRIND,1.12
07/31/2013,__NTRIND,1.22
08/01/2013,__NTRIND,0.49
08/02/2013,__NTRIND,0.99
08/05/2013,__NTRIND,0.94
08/06/2013,__NTRIND,1.16
08/07/2013,__NTRIND,0.97
08/08/2013,__NTRIND,0.7
08/09/2013,__NTRIND,0.91
08/12/2013,__NTRIND,1.24
08/13/2013,__NTRIND,0.91
08/14/2013,__NTRIND,0.76
08/15/2013,__NTRIND,0.55
08/16/2013,__NTRIND,1.1
08/19/2013,__NTRIND,1.32
08/20/2013,__NTRIND,1.11
08/21/2013,__NTRIND,1.66
08/22/2013,__NTRIND,0.93
08/23/2013,__NTRIND,0.91
08/26/2013,__NTRIND,1.34
08/27/2013,__NTRIND,2.65
08/28/2013,__NTRIND,0.99
08/29/2013,__NTRIND,1.05
08/30/2013,__NTRIND,1.1
09/03/2013,__NTRIND,0.73
09/04/2013,__NTRIND,0.68
09/05/2013,__NTRIND,0.57
09/06/2013,__NTRIND,0.88
09/09/2013,__NTRIND,0.55
09/10/2013,__NTRIND,0.7
09/11/2013,__NTRIND,0.78
09/12/2013,__NTRIND,1.16
09/13/2013,__NTRIND,0.95
09/16/2013,__NTRIND,0.93
09/17/2013,__NTRIND,0.77
09/18/2013,__NTRIND,0.81
09/19/2013,__NTRIND,1.33
09/20/2013,__NTRIND,1.57
09/23/2013,__NTRIND,1.53
09/24/2013,__NTRIND,1.33
09/25/2013,__NTRIND,1.07
09/26/2013,__NTRIND,1.19
09/27/2013,__NTRIND,1.38
09/30/2013,__NTRIND,1.66
10/01/2013,__NTRIND,0.7
10/02/2013,__NTRIND,0.59
10/03/2013,__NTRIND,1.25
10/04/2013,__NTRIND,0.76
10/07/2013,__NTRIND,0.98
10/08/2013,__NTRIND,1.94
10/09/2013,__NTRIND,0.85
10/10/2013,__NTRIND,0.47
10/11/2013,__NTRIND,1.24
10/14/2013,__NTRIND,0.67
10/15/2013,__NTRIND,0.91
10/16/2013,__NTRIND,0.68
10/17/2013,__NTRIND,1.14
10/18/2013,__NTRIND,1.23
10/21/2013,__NTRIND,1.31
10/22/2013,__NTRIND,1.2
10/23/2013,__NTRIND,1.77
10/24/2013,__NTRIND,0.99
10/25/2013,__NTRIND,0.82
10/28/2013,__NTRIND,1.02
10/29/2013,__NTRIND,0.9
10/30/2013,__NTRIND,0.78
10/31/2013,__NTRIND,1.24
11/01/2013,__NTRIND,0.68
11/04/2013,__NTRIND,0.74
11/05/2013,__NTRIND,1.16
11/06/2013,__NTRIND,0.82
11/07/2013,__NTRIND,1.65
11/08/2013,__NTRIND,0.47
11/11/2013,__NTRIND,0.87
11/12/2013,__NTRIND,0.87
11/13/2013,__NTRIND,0.54
11/14/2013,__NTRIND,0.74
11/15/2013,__NTRIND,0.79
11/18/2013,__NTRIND,1.22
11/19/2013,__NTRIND,1
11/20/2013,__NTRIND,0.98
11/21/2013,__NTRIND,0.99
11/22/2013,__NTRIND,0.81
11/25/2013,__NTRIND,1.05
11/26/2013,__NTRIND,1.34
11/27/2013,__NTRIND,0.99
11/29/2013,__NTRIND,1.29
12/02/2013,__NTRIND,0.81
12/03/2013,__NTRIND,1.27
12/04/2013,__NTRIND,0.6
12/05/2013,__NTRIND,1.1
12/06/2013,__NTRIND,0.88
12/09/2013,__NTRIND,0.56
12/10/2013,__NTRIND,1.1
12/11/2013,__NTRIND,1.63
12/12/2013,__NTRIND,1.03
12/13/2013,__NTRIND,1.22
12/16/2013,__NTRIND,0.72
12/17/2013,__NTRIND,1.22
12/18/2013,__NTRIND,0.73
12/19/2013,__NTRIND,0.91
12/20/2013,__NTRIND,1.32
12/23/2013,__NTRIND,0.84
12/24/2013,__NTRIND,0.6
12/26/2013,__NTRIND,0.59
12/27/2013,__NTRIND,0.69
12/30/2013,__NTRIND,1.03
12/31/2013,__NTRIND,0.76
01/02/2014,__NTRIND,1.28
01/03/2014,__NTRIND,1.5
01/06/2014,__NTRIND,1.13
01/07/2014,__NTRIND,1.23
01/08/2014,__NTRIND,0.83
01/09/2014,__NTRIND,1.11
01/10/2014,__NTRIND,1.22
01/13/2014,__NTRIND,2.05
01/14/2014,__NTRIND,0.63
01/15/2014,__NTRIND,0.87
01/16/2014,__NTRIND,1.56
01/17/2014,__NTRIND,1.46
01/21/2014,__NTRIND,1.42
01/22/2014,__NTRIND,1.3
01/23/2014,__NTRIND,1.52
01/24/2014,__NTRIND,1.74
01/27/2014,__NTRIND,0.82
01/28/2014,__NTRIND,0.64
01/29/2014,__NTRIND,1.22
01/30/2014,__NTRIND,1.14
01/31/2014,__NTRIND,1.56
02/03/2014,__NTRIND,3.29
02/04/2014,__NTRIND,0.7
02/05/2014,__NTRIND,0.96
02/06/2014,__NTRIND,0.67
02/07/2014,__NTRIND,0.72
02/10/2014,__NTRIND,1.58
02/11/2014,__NTRIND,0.65
02/12/2014,__NTRIND,1.32
02/13/2014,__NTRIND,0.91
02/14/2014,__NTRIND,1.01
02/18/2014,__NTRIND,1.56
02/19/2014,__NTRIND,1.31
02/20/2014,__NTRIND,0.63
02/21/2014,__NTRIND,1.32
02/24/2014,__NTRIND,1.11
02/25/2014,__NTRIND,1.16
02/26/2014,__NTRIND,1.23
02/27/2014,__NTRIND,0.79
02/28/2014,__NTRIND,1.07
03/03/2014,__NTRIND,1.61
03/04/2014,__NTRIND,0.66
03/05/2014,__NTRIND,0.78
03/06/2014,__NTRIND,0.75
03/07/2014,__NTRIND,0.93
03/10/2014,__NTRIND,1.32
03/11/2014,__NTRIND,1.23
03/12/2014,__NTRIND,1.21
03/13/2014,__NTRIND,2.48
03/14/2014,__NTRIND,1.55
03/17/2014,__NTRIND,0.77
03/18/2014,__NTRIND,0.81
03/19/2014,__NTRIND,0.91
03/20/2014,__NTRIND,0.51
03/21/2014,__NTRIND,1.28
03/24/2014,__NTRIND,1.11
03/25/2014,__NTRIND,0.89
03/26/2014,__NTRIND,1.75
03/27/2014,__NTRIND,0.93
03/28/2014,__NTRIND,0.83
03/31/2014,__NTRIND,0.82
04/01/2014,__NTRIND,1.11
04/02/2014,__NTRIND,0.61
04/03/2014,__NTRIND,0.93
04/04/2014,__NTRIND,1.21
04/07/2014,__NTRIND,1.49
04/08/2014,__NTRIND,0.98
04/09/2014,__NTRIND,1.04
04/10/2014,__NTRIND,2.36
04/11/2014,__NTRIND,1.58
04/14/2014,__NTRIND,0.61
04/15/2014,__NTRIND,0.88
04/16/2014,__NTRIND,1.05
04/17/2014,__NTRIND,0.86
04/21/2014,__NTRIND,1.06
04/22/2014,__NTRIND,1.14
04/23/2014,__NTRIND,1.06
04/24/2014,__NTRIND,1.08
04/25/2014,__NTRIND,1.55
04/28/2014,__NTRIND,1.37
04/29/2014,__NTRIND,0.84
04/30/2014,__NTRIND,1.22
05/01/2014,__NTRIND,1.27
05/02/2014,__NTRIND,0.87
05/05/2014,__NTRIND,1.29
05/06/2014,__NTRIND,1.43
05/07/2014,__NTRIND,0.92
05/08/2014,__NTRIND,1.04
05/09/2014,__NTRIND,1.43
05/12/2014,__NTRIND,0.66
05/13/2014,__NTRIND,0.9
05/14/2014,__NTRIND,1.25
05/15/2014,__NTRIND,1.76
05/16/2014,__NTRIND,1.23
05/19/2014,__NTRIND,1.06
05/20/2014,__NTRIND,2.04
05/21/2014,__NTRIND,0.72
05/22/2014,__NTRIND,1.02
05/23/2014,__NTRIND,0.95
05/27/2014,__NTRIND,1.11
05/28/2014,__NTRIND,1.18
05/29/2014,__NTRIND,0.86
05/30/2014,__NTRIND,0.89
06/02/2014,__NTRIND,0.79
06/03/2014,__NTRIND,0.64
06/04/2014,__NTRIND,0.87
06/05/2014,__NTRIND,1.07
06/06/2014,__NTRIND,1.12
06/09/2014,__NTRIND,1.06
06/10/2014,__NTRIND,0.79
06/11/2014,__NTRIND,1.1
06/12/2014,__NTRIND,1.7
06/13/2014,__NTRIND,0.57
06/16/2014,__NTRIND,1.08
06/17/2014,__NTRIND,0.83
06/18/2014,__NTRIND,0.67
06/19/2014,__NTRIND,1
06/20/2014,__NTRIND,1.09
06/23/2014,__NTRIND,0.96
06/24/2014,__NTRIND,2.15
06/25/2014,__NTRIND,1.06
06/26/2014,__NTRIND,1.15
06/27/2014,__NTRIND,1.56
06/30/2014,__NTRIND,1.35
07/01/2014,__NTRIND,1.04
07/02/2014,__NTRIND,0.62
07/03/2014,__NTRIND,0.55
07/07/2014,__NTRIND,1.43
07/08/2014,__NTRIND,1.58
07/09/2014,__NTRIND,0.65
07/10/2014,__NTRIND,1.16
07/11/2014,__NTRIND,1.08
07/14/2014,__NTRIND,0.94
07/15/2014,__NTRIND,0.77
07/16/2014,__NTRIND,0.69
07/17/2014,__NTRIND,1.32
07/18/2014,__NTRIND,0.98
07/21/2014,__NTRIND,0.9
07/22/2014,__NTRIND,0.95
07/23/2014,__NTRIND,1.32
07/24/2014,__NTRIND,0.73
07/25/2014,__NTRIND,1.04
07/28/2014,__NTRIND,1.08
07/29/2014,__NTRIND,1.34
07/30/2014,__NTRIND,0.79
07/31/2014,__NTRIND,0.86
08/01/2014,__NTRIND,0.94
08/04/2014,__NTRIND,0.63
08/05/2014,__NTRIND,1.57
08/06/2014,__NTRIND,1.3
08/07/2014,__NTRIND,1.99
08/08/2014,__NTRIND,0.66
08/11/2014,__NTRIND,1.06
08/12/2014,__NTRIND,1.22
08/13/2014,__NTRIND,1.33
08/14/2014,__NTRIND,1.16
08/15/2014,__NTRIND,1.27
08/18/2014,__NTRIND,0.87
08/19/2014,__NTRIND,0.8
08/20/2014,__NTRIND,0.49
08/21/2014,__NTRIND,0.99
08/22/2014,__NTRIND,1.18
08/25/2014,__NTRIND,0.69
08/26/2014,__NTRIND,0.98
08/27/2014,__NTRIND,1.06
08/28/2014,__NTRIND,1.26
08/29/2014,__NTRIND,0.9
09/02/2014,__NTRIND,1.05
09/03/2014,__NTRIND,0.83
09/04/2014,__NTRIND,0.78
09/05/2014,__NTRIND,0.95
09/08/2014,__NTRIND,1.39
09/09/2014,__NTRIND,1.12
09/10/2014,__NTRIND,0.91
09/11/2014,__NTRIND,0.68
09/12/2014,__NTRIND,0.76
09/15/2014,__NTRIND,0.73
09/16/2014,__NTRIND,0.64
09/17/2014,__NTRIND,1
09/18/2014,__NTRIND,1.11
09/19/2014,__NTRIND,0.91
09/22/2014,__NTRIND,1.23
09/23/2014,__NTRIND,1.12
09/24/2014,__NTRIND,0.78
09/25/2014,__NTRIND,2.19
09/26/2014,__NTRIND,0.77
09/29/2014,__NTRIND,1.85
09/30/2014,__NTRIND,1.43
10/01/2014,__NTRIND,1.74
10/02/2014,__NTRIND,0.91
10/03/2014,__NTRIND,0.72
10/06/2014,__NTRIND,0.88
10/07/2014,__NTRIND,1.26
10/08/2014,__NTRIND,0.92
10/09/2014,__NTRIND,1.52
10/10/2014,__NTRIND,1.4
10/13/2014,__NTRIND,1.44
10/14/2014,__NTRIND,0.89
10/15/2014,__NTRIND,1.38
10/16/2014,__NTRIND,1.56
10/17/2014,__NTRIND,0.62
10/20/2014,__NTRIND,0.88
10/21/2014,__NTRIND,0.91
10/22/2014,__NTRIND,1.65
10/23/2014,__NTRIND,0.99
10/24/2014,__NTRIND,0.81
10/27/2014,__NTRIND,1.45
10/28/2014,__NTRIND,0.78
10/29/2014,__NTRIND,1.14
10/30/2014,__NTRIND,1.03
10/31/2014,__NTRIND,0.7
11/03/2014,__NTRIND,1.05
11/04/2014,__NTRIND,1.33
11/05/2014,__NTRIND,0.76
11/06/2014,__NTRIND,0.88
11/07/2014,__NTRIND,0.82
11/10/2014,__NTRIND,1.15
11/11/2014,__NTRIND,0.97
11/12/2014,__NTRIND,1.24
11/13/2014,__NTRIND,1.12
11/14/2014,__NTRIND,0.82
11/17/2014,__NTRIND,0.79
11/18/2014,__NTRIND,0.77
11/19/2014,__NTRIND,0.92
11/20/2014,__NTRIND,0.97
11/21/2014,__NTRIND,0.56
11/24/2014,__NTRIND,1.44
11/25/2014,__NTRIND,1.27
11/26/2014,__NTRIND,0.99
11/28/2014,__NTRIND,1.24
12/01/2014,__NTRIND,0.96
12/02/2014,__NTRIND,1.43
12/03/2014,__NTRIND,0.77
12/04/2014,__NTRIND,1.46
12/05/2014,__NTRIND,1.09
12/08/2014,__NTRIND,1.5
12/09/2014,__NTRIND,1.12
12/10/2014,__NTRIND,3.45
12/11/2014,__NTRIND,1.05
12/12/2014,__NTRIND,1.56
12/15/2014,__NTRIND,1.37
12/16/2014,__NTRIND,0.93
12/17/2014,__NTRIND,0.45
12/18/2014,__NTRIND,0.49
12/19/2014,__NTRIND,0.93
12/22/2014,__NTRIND,1.23
12/23/2014,__NTRIND,0.85
12/24/2014,__NTRIND,1.16
12/26/2014,__NTRIND,0.93
12/29/2014,__NTRIND,0.87
12/30/2014,__NTRIND,1.15
12/31/2014,__NTRIND,1.67
01/02/2015,__NTRIND,1.34
01/05/2015,__NTRIND,1.83
01/06/2015,__NTRIND,1.04
01/07/2015,__NTRIND,1.38
01/08/2015,__NTRIND,0.83
01/09/2015,__NTRIND,1.33
01/12/2015,__NTRIND,1.18
01/13/2015,__NTRIND,1.31
01/14/2015,__NTRIND,1.05
01/15/2015,__NTRIND,1.19
01/16/2015,__NTRIND,0.59
01/20/2015,__NTRIND,0.88
01/21/2015,__NTRIND,0.66
01/22/2015,__NTRIND,0.9
01/23/2015,__NTRIND,1.64
01/26/2015,__NTRIND,0.82
01/27/2015,__NTRIND,20.4
01/28/2015,__NTRIND,3.33
01/29/2015,__NTRIND,1.47
01/30/2015,__NTRIND,1.08
02/02/2015,__NTRIND,0.62
02/03/2015,__NTRIND,0.62
02/04/2015,__NTRIND,0.88
02/05/2015,__NTRIND,0.85
02/06/2015,__NTRIND,0.73
02/09/2015,__NTRIND,0.97
02/10/2015,__NTRIND,0.8
02/11/2015,__NTRIND,1.14
02/12/2015,__NTRIND,0.64
02/13/2015,__NTRIND,0.87
02/17/2015,__NTRIND,0.58
02/18/2015,__NTRIND,1.23
02/19/2015,__NTRIND,1.47
02/20/2015,__NTRIND,0.98
02/23/2015,__NTRIND,1.75
02/24/2015,__NTRIND,0.97
02/25/2015,__NTRIND,1.11
02/26/2015,__NTRIND,1.66
02/27/2015,__NTRIND,1.23
03/02/2015,__NTRIND,1.27
03/03/2015,__NTRIND,1.07
03/04/2015,__NTRIND,1.51
03/05/2015,__NTRIND,1.22
03/06/2015,__NTRIND,0.79
03/09/2015,__NTRIND,1.17
03/10/2015,__NTRIND,2.66
03/11/2015,__NTRIND,0.94
03/12/2015,__NTRIND,1.03
03/13/2015,__NTRIND,1.34
03/16/2015,__NTRIND,0.51
03/17/2015,__NTRIND,1.1
03/18/2015,__NTRIND,0.86
03/19/2015,__NTRIND,1.79
03/20/2015,__NTRIND,0.75
03/23/2015,__NTRIND,0.97
03/24/2015,__NTRIND,1.52
03/25/2015,__NTRIND,1.1
03/26/2015,__NTRIND,1.25
03/27/2015,__NTRIND,1.76
03/30/2015,__NTRIND,0.51
03/31/2015,__NTRIND,1.49
04/01/2015,__NTRIND,0.99
04/02/2015,__NTRIND,0.51
04/06/2015,__NTRIND,0.92
04/07/2015,__NTRIND,1.08
04/08/2015,__NTRIND,1.2
04/09/2015,__NTRIND,0.75
04/10/2015,__NTRIND,0.8
04/13/2015,__NTRIND,1.08
04/14/2015,__NTRIND,0.83
04/15/2015,__NTRIND,0.91
04/16/2015,__NTRIND,1.17
04/17/2015,__NTRIND,1.13
04/20/2015,__NTRIND,1.2
04/21/2015,__NTRIND,1.63
04/22/2015,__NTRIND,0.57
04/23/2015,__NTRIND,1.23
04/24/2015,__NTRIND,1.01
04/27/2015,__NTRIND,0.95
04/28/2015,__NTRIND,0.98
04/29/2015,__NTRIND,0.61
04/30/2015,__NTRIND,0.88
05/01/2015,__NTRIND,0.61
05/04/2015,__NTRIND,0.82
05/05/2015,__NTRIND,0.99
05/06/2015,__NTRIND,0.97
05/07/2015,__NTRIND,1.07
05/08/2015,__NTRIND,0.72
05/11/2015,__NTRIND,1.01
05/12/2015,__NTRIND,1.1
05/13/2015,__NTRIND,1.11
05/14/2015,__NTRIND,1.31
05/15/2015,__NTRIND,0.97
05/18/2015,__NTRIND,1.03
05/19/2015,__NTRIND,1.05
05/20/2015,__NTRIND,1.08
05/21/2015,__NTRIND,0.87
05/22/2015,__NTRIND,1.18
05/26/2015,__NTRIND,2.21
05/27/2015,__NTRIND,0.84
05/28/2015,__NTRIND,1.17
05/29/2015,__NTRIND,1.06
06/01/2015,__NTRIND,1.06
06/02/2015,__NTRIND,0.76
06/03/2015,__NTRIND,0.99
06/04/2015,__NTRIND,1.66
06/05/2015,__NTRIND,0.82
06/08/2015,__NTRIND,1.1
06/10/2015,__NTRIND,0.49
06/11/2015,__NTRIND,1.22
06/12/2015,__NTRIND,1.86
06/15/2015,__NTRIND,1.78
06/16/2015,__NTRIND,0.82
06/17/2015,__NTRIND,0.73
06/18/2015,__NTRIND,0.63
06/19/2015,__NTRIND,1.81
06/22/2015,__NTRIND,0.74
06/23/2015,__NTRIND,0.95
06/24/2015,__NTRIND,1.68
06/25/2015,__NTRIND,1.31
06/26/2015,__NTRIND,0.81
06/29/2015,__NTRIND,2.11
06/30/2015,__NTRIND,1.31
07/01/2015,__NTRIND,1.26
07/02/2015,__NTRIND,1.12
07/06/2015,__NTRIND,1.47
07/07/2015,__NTRIND,0.84
07/08/2015,__NTRIND,3.21
07/09/2015,__NTRIND,0.79
07/10/2015,__NTRIND,0.93
07/13/2015,__NTRIND,0.63
07/14/2015,__NTRIND,0.74
07/15/2015,__NTRIND,1.26
07/16/2015,__NTRIND,1.21
07/17/2015,__NTRIND,1.37
07/20/2015,__NTRIND,1.11
07/21/2015,__NTRIND,1.05
07/22/2015,__NTRIND,0.96
07/23/2015,__NTRIND,1.19
07/24/2015,__NTRIND,1.52
07/27/2015,__NTRIND,1.23
07/28/2015,__NTRIND,0.43
07/29/2015,__NTRIND,0.62
07/30/2015,__NTRIND,1.34
07/31/2015,__NTRIND,1.8
08/03/2015,__NTRIND,1.59
08/04/2015,__NTRIND,1.01
08/05/2015,__NTRIND,1.07
08/06/2015,__NTRIND,0.74
08/07/2015,__NTRIND,1.45
08/10/2015,__NTRIND,0.4
08/11/2015,__NTRIND,1.54
08/12/2015,__NTRIND,0.81
08/13/2015,__NTRIND,1.21
08/14/2015,__NTRIND,1.15
08/17/2015,__NTRIND,0.77
08/18/2015,__NTRIND,0.85
08/19/2015,__NTRIND,1.52
08/20/2015,__NTRIND,1.36
08/21/2015,__NTRIND,2.87
08/24/2015,__NTRIND,1.75
08/25/2015,__NTRIND,3.12
08/26/2015,__NTRIND,0.38
08/27/2015,__NTRIND,0.38
08/28/2015,__NTRIND,1.13
08/31/2015,__NTRIND,1.17
09/01/2015,__NTRIND,4.86
09/02/2015,__NTRIND,0.59
09/03/2015,__NTRIND,0.76
09/04/2015,__NTRIND,3.13
09/08/2015,__NTRIND,0.38
09/09/2015,__NTRIND,2.06
09/10/2015,__NTRIND,0.79
09/11/2015,__NTRIND,0.93
09/14/2015,__NTRIND,0.98
09/15/2015,__NTRIND,0.5
09/16/2015,__NTRIND,0.36
09/17/2015,__NTRIND,1.77
09/18/2015,__NTRIND,2.68
09/21/2015,__NTRIND,1.04
09/22/2015,__NTRIND,1.78
09/23/2015,__NTRIND,1.59
09/24/2015,__NTRIND,0.96
09/25/2015,__NTRIND,1.03
09/28/2015,__NTRIND,2.43
09/29/2015,__NTRIND,0.63
09/30/2015,__NTRIND,0.43
10/01/2015,__NTRIND,0.89
10/02/2015,__NTRIND,0.57
10/05/2015,__NTRIND,0.47
10/06/2015,__NTRIND,0.82
10/07/2015,__NTRIND,0.78
10/08/2015,__NTRIND,0.69
10/09/2015,__NTRIND,1.28
10/12/2015,__NTRIND,1.84
10/13/2015,__NTRIND,1.78
10/14/2015,__NTRIND,0.77
10/15/2015,__NTRIND,1.11
10/16/2015,__NTRIND,1.27
10/19/2015,__NTRIND,1.31
10/20/2015,__NTRIND,1.18
10/21/2015,__NTRIND,1.36
10/22/2015,__NTRIND,1.11
10/23/2015,__NTRIND,0.96
10/26/2015,__NTRIND,1.17
10/27/2015,__NTRIND,0.99
10/28/2015,__NTRIND,1.04
10/29/2015,__NTRIND,1.13
10/30/2015,__NTRIND,1.41
11/02/2015,__NTRIND,0.82
11/03/2015,__NTRIND,0.68
11/04/2015,__NTRIND,1.58
11/05/2015,__NTRIND,1.15
11/06/2015,__NTRIND,0.78
11/09/2015,__NTRIND,1.13
11/10/2015,__NTRIND,1.04
11/11/2015,__NTRIND,1.41
11/12/2015,__NTRIND,2.05
11/13/2015,__NTRIND,1.27
11/16/2015,__NTRIND,0.5
11/17/2015,__NTRIND,1.21
11/18/2015,__NTRIND,0.37
11/19/2015,__NTRIND,1.12
11/20/2015,__NTRIND,1.41
11/23/2015,__NTRIND,1.32
11/24/2015,__NTRIND,0.77
11/25/2015,__NTRIND,1.69
11/27/2015,__NTRIND,2
11/30/2015,__NTRIND,1.22
12/01/2015,__NTRIND,0.71
12/02/2015,__NTRIND,1.13
12/03/2015,__NTRIND,0.75
12/04/2015,__NTRIND,0.94
12/07/2015,__NTRIND,1.1
12/08/2015,__NTRIND,1.34
12/09/2015,__NTRIND,0.72
12/10/2015,__NTRIND,0.67
12/11/2015,__NTRIND,1.67
12/14/2015,__NTRIND,0.52
12/15/2015,__NTRIND,0.74
12/16/2015,__NTRIND,0.96
12/17/2015,__NTRIND,3.16
12/18/2015,__NTRIND,1.65
12/21/2015,__NTRIND,0.89
12/22/2015,__NTRIND,0.59
12/23/2015,__NTRIND,0.43
12/24/2015,__NTRIND,1.82
12/28/2015,__NTRIND,1.68
12/29/2015,__NTRIND,0.75
12/30/2015,__NTRIND,2.9
12/31/2015,__NTRIND,1.27
01/04/2016,__NTRIND,1.35
01/05/2016,__NTRIND,1.27
01/06/2016,__NTRIND,1.92
01/07/2016,__NTRIND,1.27
01/08/2016,__NTRIND,1.75
01/11/2016,__NTRIND,0.75
01/12/2016,__NTRIND,0.96
01/13/2016,__NTRIND,1.23
01/14/2016,__NTRIND,0.62
01/15/2016,__NTRIND,1.8
01/19/2016,__NTRIND,1.11
01/20/2016,__NTRIND,1.23
01/21/2016,__NTRIND,0.86
01/22/2016,__NTRIND,1.36
01/25/2016,__NTRIND,1.5
01/26/2016,__NTRIND,0.54
01/27/2016,__NTRIND,0.73
01/28/2016,__NTRIND,1.52
01/29/2016,__NTRIND,0.71
02/01/2016,__NTRIND,1.2
02/02/2016,__NTRIND,2.3
02/03/2016,__NTRIND,0.85
02/04/2016,__NTRIND,0.75
02/05/2016,__NTRIND,1
02/08/2016,__NTRIND,1.03
02/09/2016,__NTRIND,0.79
02/10/2016,__NTRIND,1.35
02/11/2016,__NTRIND,0.96
02/12/2016,__NTRIND,0.61
02/16/2016,__NTRIND,0.75
02/17/2016,__NTRIND,0.61
02/18/2016,__NTRIND,1.54
02/19/2016,__NTRIND,1.83
02/22/2016,__NTRIND,0.37
02/23/2016,__NTRIND,1.87
02/24/2016,__NTRIND,1.38
02/25/2016,__NTRIND,0.99
02/26/2016,__NTRIND,0.95
02/29/2016,__NTRIND,1.34
03/01/2016,__NTRIND,1.31
03/02/2016,__NTRIND,0.42
03/03/2016,__NTRIND,0.73
03/04/2016,__NTRIND,0.7
03/07/2016,__NTRIND,0.82
03/08/2016,__NTRIND,1.75
03/09/2016,__NTRIND,1.17
03/10/2016,__NTRIND,0.73
03/11/2016,__NTRIND,0.85
03/14/2016,__NTRIND,1.37
03/15/2016,__NTRIND,0.99
03/16/2016,__NTRIND,1.52
03/17/2016,__NTRIND,1.05
03/18/2016,__NTRIND,1.11
03/21/2016,__NTRIND,0.91
03/22/2016,__NTRIND,1.28
03/23/2016,__NTRIND,2.02
03/24/2016,__NTRIND,0.84
03/28/2016,__NTRIND,1.23
03/29/2016,__NTRIND,1.53
03/30/2016,__NTRIND,0.83
03/31/2016,__NTRIND,1.21
04/01/2016,__NTRIND,0.81
04/04/2016,__NTRIND,1.05
04/05/2016,__NTRIND,1.04
04/06/2016,__NTRIND,0.97
04/07/2016,__NTRIND,1.25
04/08/2016,__NTRIND,1
04/11/2016,__NTRIND,0.94
04/12/2016,__NTRIND,0.61
04/13/2016,__NTRIND,1.04
04/14/2016,__NTRIND,0.99
04/15/2016,__NTRIND,1.17
04/18/2016,__NTRIND,0.92
04/19/2016,__NTRIND,0.61
04/20/2016,__NTRIND,0.81
04/21/2016,__NTRIND,1.26
04/22/2016,__NTRIND,1.09
04/25/2016,__NTRIND,1.51
04/26/2016,__NTRIND,0.97
04/27/2016,__NTRIND,0.74
04/28/2016,__NTRIND,1.1
04/29/2016,__NTRIND,1.11
05/02/2016,__NTRIND,1.33
05/03/2016,__NTRIND,1.95
05/04/2016,__NTRIND,1.63
05/05/2016,__NTRIND,1.27
05/06/2016,__NTRIND,0.95
05/09/2016,__NTRIND,1.38
05/10/2016,__NTRIND,0.67
05/11/2016,__NTRIND,1.02
05/12/2016,__NTRIND,1.43
05/13/2016,__NTRIND,2.19
05/16/2016,__NTRIND,0.64
05/17/2016,__NTRIND,0.9
05/18/2016,__NTRIND,1.01
05/19/2016,__NTRIND,0.72
05/20/2016,__NTRIND,1.39
05/23/2016,__NTRIND,1.46
05/24/2016,__NTRIND,1.13
05/25/2016,__NTRIND,0.59
05/26/2016,__NTRIND,1.38
05/27/2016,__NTRIND,1.09
05/31/2016,__NTRIND,1.04
06/01/2016,__NTRIND,1.13
06/02/2016,__NTRIND,1.16
06/03/2016,__NTRIND,1.29
06/06/2016,__NTRIND,0.72
06/07/2016,__NTRIND,1.04
06/08/2016,__NTRIND,0.96
06/09/2016,__NTRIND,1.24
06/10/2016,__NTRIND,1.46
06/13/2016,__NTRIND,1.42
06/14/2016,__NTRIND,1.34
06/15/2016,__NTRIND,0.93
06/16/2016,__NTRIND,1.2
06/17/2016,__NTRIND,0.96
06/20/2016,__NTRIND,0.82
06/21/2016,__NTRIND,0.81
06/22/2016,__NTRIND,1.25
06/23/2016,__NTRIND,0.54
06/24/2016,__NTRIND,2.2
06/27/2016,__NTRIND,1.52
06/28/2016,__NTRIND,0.65
06/29/2016,__NTRIND,0.63
06/30/2016,__NTRIND,1.02
07/01/2016,__NTRIND,0.85
07/05/2016,__NTRIND,1.27
07/06/2016,__NTRIND,0.79
07/07/2016,__NTRIND,1.22
07/08/2016,__NTRIND,0.41
07/11/2016,__NTRIND,0.77
07/12/2016,__NTRIND,0.65
07/13/2016,__NTRIND,0.97
07/14/2016,__NTRIND,0.61
07/15/2016,__NTRIND,1.2
07/18/2016,__NTRIND,0.74
07/19/2016,__NTRIND,1.13
07/20/2016,__NTRIND,1.21
07/21/2016,__NTRIND,1.07
07/22/2016,__NTRIND,0.94
07/25/2016,__NTRIND,1.15
07/26/2016,__NTRIND,0.79
07/27/2016,__NTRIND,1.36
07/28/2016,__NTRIND,1.09
07/29/2016,__NTRIND,1.02
08/01/2016,__NTRIND,1.49
08/02/2016,__NTRIND,0.86
08/03/2016,__NTRIND,0.78
08/04/2016,__NTRIND,1.06
08/05/2016,__NTRIND,0.97
08/08/2016,__NTRIND,0.89
08/09/2016,__NTRIND,1.02
08/10/2016,__NTRIND,1.28
08/11/2016,__NTRIND,0.55
08/12/2016,__NTRIND,1.11
08/15/2016,__NTRIND,0.65
08/16/2016,__NTRIND,0.91
08/17/2016,__NTRIND,1.18
08/18/2016,__NTRIND,1.12
08/19/2016,__NTRIND,0.95
08/22/2016,__NTRIND,1.75
08/23/2016,__NTRIND,1.03
08/24/2016,__NTRIND,1.45
08/25/2016,__NTRIND,0.92
08/26/2016,__NTRIND,1.15
08/29/2016,__NTRIND,0.54
08/30/2016,__NTRIND,1.14
08/31/2016,__NTRIND,0.98
09/01/2016,__NTRIND,1.13
09/02/2016,__NTRIND,0.75
09/06/2016,__NTRIND,0.76
09/07/2016,__NTRIND,1.06
09/08/2016,__NTRIND,0.78
09/09/2016,__NTRIND,1.64
09/12/2016,__NTRIND,0.43
09/13/2016,__NTRIND,3.18
09/14/2016,__NTRIND,1.67
09/15/2016,__NTRIND,0.68
09/16/2016,__NTRIND,1.28
09/19/2016,__NTRIND,1.28
09/20/2016,__NTRIND,1.23
09/21/2016,__NTRIND,0.65
09/22/2016,__NTRIND,1.43
09/23/2016,__NTRIND,1.11
09/26/2016,__NTRIND,1.19
09/27/2016,__NTRIND,1.11
09/28/2016,__NTRIND,0.7
09/29/2016,__NTRIND,0.74
09/30/2016,__NTRIND,0.82
10/03/2016,__NTRIND,1.09
10/04/2016,__NTRIND,0.89
10/05/2016,__NTRIND,0.7
10/06/2016,__NTRIND,0.98
10/07/2016,__NTRIND,0.94
10/10/2016,__NTRIND,0.87
10/11/2016,__NTRIND,1.15
10/12/2016,__NTRIND,0.94
10/13/2016,__NTRIND,0.91
10/14/2016,__NTRIND,1.2
10/17/2016,__NTRIND,1.09
10/18/2016,__NTRIND,0.88
10/19/2016,__NTRIND,0.76
10/20/2016,__NTRIND,0.64
10/21/2016,__NTRIND,1.35
10/24/2016,__NTRIND,1.15
10/25/2016,__NTRIND,1.21
10/26/2016,__NTRIND,0.65
10/27/2016,__NTRIND,0.63
10/28/2016,__NTRIND,1
10/31/2016,__NTRIND,0.91
11/01/2016,__NTRIND,0.72
11/02/2016,__NTRIND,1.3
11/03/2016,__NTRIND,0.85
11/04/2016,__NTRIND,1.04
11/07/2016,__NTRIND,0.43
11/08/2016,__NTRIND,0.96
11/09/2016,__NTRIND,0.46
11/10/2016,__NTRIND,0.61
11/11/2016,__NTRIND,1.06
11/14/2016,__NTRIND,0.55
11/15/2016,__NTRIND,1.06
11/16/2016,__NTRIND,1.91
11/17/2016,__NTRIND,0.84
11/18/2016,__NTRIND,1.12
11/21/2016,__NTRIND,0.82
11/22/2016,__NTRIND,1.45
11/23/2016,__NTRIND,0.65
11/25/2016,__NTRIND,1.03
11/28/2016,__NTRIND,1.06
11/29/2016,__NTRIND,1.3
11/30/2016,__NTRIND,0.62
12/01/2016,__NTRIND,0.67
12/02/2016,__NTRIND,1.01
12/05/2016,__NTRIND,0.81
12/06/2016,__NTRIND,0.97
12/07/2016,__NTRIND,0.88
12/08/2016,__NTRIND,0.91
12/09/2016,__NTRIND,0.77
12/12/2016,__NTRIND,0.9
12/13/2016,__NTRIND,0.84
12/14/2016,__NTRIND,1.31
12/15/2016,__NTRIND,0.87
12/16/2016,__NTRIND,1.15
12/19/2016,__NTRIND,1.41
12/20/2016,__NTRIND,0.78
12/21/2016,__NTRIND,1.6
12/22/2016,__NTRIND,1.29
12/23/2016,__NTRIND,0.84
12/27/2016,__NTRIND,0.63
12/28/2016,__NTRIND,1.55
12/29/2016,__NTRIND,1.19
12/30/2016,__NTRIND,1.68
01/03/2017,__NTRIND,0.84
01/04/2017,__NTRIND,1.01
01/05/2017,__NTRIND,1.01
01/06/2017,__NTRIND,1.11
01/09/2017,__NTRIND,1.5
01/10/2017,__NTRIND,1.19
01/11/2017,__NTRIND,1.35
01/12/2017,__NTRIND,1.12
01/13/2017,__NTRIND,1.38
01/17/2017,__NTRIND,0.95
01/18/2017,__NTRIND,1.08
01/19/2017,__NTRIND,0.81
01/20/2017,__NTRIND,0.79
01/23/2017,__NTRIND,1.78
01/24/2017,__NTRIND,0.95
01/25/2017,__NTRIND,0.75
01/26/2017,__NTRIND,1.37
01/27/2017,__NTRIND,1.09
01/30/2017,__NTRIND,1.49
01/31/2017,__NTRIND,1.34
02/01/2017,__NTRIND,1.17
02/02/2017,__NTRIND,0.98
02/03/2017,__NTRIND,1.04
02/06/2017,__NTRIND,1.28
02/07/2017,__NTRIND,1.5
02/08/2017,__NTRIND,0.99
02/09/2017,__NTRIND,0.83
02/10/2017,__NTRIND,1.13
02/13/2017,__NTRIND,0.71
02/14/2017,__NTRIND,0.6
02/15/2017,__NTRIND,0.87
02/16/2017,__NTRIND,1.3
02/17/2017,__NTRIND,0.9
02/21/2017,__NTRIND,0.7
02/22/2017,__NTRIND,1.42
02/23/2017,__NTRIND,1.53
02/24/2017,__NTRIND,1.81
02/27/2017,__NTRIND,0.78
02/28/2017,__NTRIND,1.36
03/01/2017,__NTRIND,0.6
03/02/2017,__NTRIND,0.78
03/03/2017,__NTRIND,0.79
03/06/2017,__NTRIND,1.38
03/07/2017,__NTRIND,1.46
03/08/2017,__NTRIND,0.68
03/09/2017,__NTRIND,0.63
03/10/2017,__NTRIND,0.98
03/13/2017,__NTRIND,1.07
03/14/2017,__NTRIND,1.37
03/15/2017,__NTRIND,1.19
03/16/2017,__NTRIND,1.33
03/17/2017,__NTRIND,1.76
03/20/2017,__NTRIND,1.14
03/21/2017,__NTRIND,1.56
03/22/2017,__NTRIND,1.19
03/23/2017,__NTRIND,1.64
03/24/2017,__NTRIND,1.16
03/27/2017,__NTRIND,1.06
03/28/2017,__NTRIND,0.82
03/29/2017,__NTRIND,0.96
03/30/2017,__NTRIND,1.28
03/31/2017,__NTRIND,1.54
04/03/2017,__NTRIND,1.66
04/04/2017,__NTRIND,0.87
04/05/2017,__NTRIND,1.41
04/06/2017,__NTRIND,1.24
04/07/2017,__NTRIND,1.51
04/10/2017,__NTRIND,1.15
04/11/2017,__NTRIND,1.25
04/12/2017,__NTRIND,1.17
04/13/2017,__NTRIND,2.27
04/17/2017,__NTRIND,0.66
04/18/2017,__NTRIND,1.47
04/19/2017,__NTRIND,1.45
04/20/2017,__NTRIND,0.95
04/21/2017,__NTRIND,1.77
04/24/2017,__NTRIND,0.78
04/25/2017,__NTRIND,0.91
04/26/2017,__NTRIND,1.23
04/27/2017,__NTRIND,1.58
04/28/2017,__NTRIND,1.21
05/01/2017,__NTRIND,1.29
05/02/2017,__NTRIND,1.03
05/03/2017,__NTRIND,0.96
05/04/2017,__NTRIND,1.01
05/05/2017,__NTRIND,0.67
05/08/2017,__NTRIND,0.97
05/09/2017,__NTRIND,0.96
05/10/2017,__NTRIND,0.62
05/11/2017,__NTRIND,1.2
05/12/2017,__NTRIND,1.23
05/15/2017,__NTRIND,0.84
05/16/2017,__NTRIND,1.13
05/17/2017,__NTRIND,1.22
05/18/2017,__NTRIND,1.15
05/19/2017,__NTRIND,0.54
05/22/2017,__NTRIND,1.34
05/23/2017,__NTRIND,1.02
05/24/2017,__NTRIND,1.19
05/25/2017,__NTRIND,1.42
05/26/2017,__NTRIND,1.23
05/30/2017,__NTRIND,1.11
05/31/2017,__NTRIND,1.32
06/01/2017,__NTRIND,1.11
06/02/2017,__NTRIND,1.64
06/05/2017,__NTRIND,0.85
06/06/2017,__NTRIND,0.86
06/07/2017,__NTRIND,1.08
06/08/2017,__NTRIND,1.34
06/09/2017,__NTRIND,0.82
06/12/2017,__NTRIND,0.82
06/13/2017,__NTRIND,0.96
06/14/2017,__NTRIND,1.54
06/15/2017,__NTRIND,1.36
06/16/2017,__NTRIND,1.38
06/19/2017,__NTRIND,0.89
06/20/2017,__NTRIND,1.74
06/21/2017,__NTRIND,1.26
06/22/2017,__NTRIND,0.95
06/23/2017,__NTRIND,1.06
06/26/2017,__NTRIND,0.8
06/27/2017,__NTRIND,0.94
06/28/2017,__NTRIND,0.83
06/29/2017,__NTRIND,0.64
06/30/2017,__NTRIND,1.13
07/03/2017,__NTRIND,0.99
07/05/2017,__NTRIND,1.13
07/06/2017,__NTRIND,1.49
07/07/2017,__NTRIND,1.48
07/10/2017,__NTRIND,0.84
07/11/2017,__NTRIND,0.88
07/12/2017,__NTRIND,1.18
07/13/2017,__NTRIND,0.66
07/14/2017,__NTRIND,0.99
07/17/2017,__NTRIND,0.96
07/18/2017,__NTRIND,1.34
07/19/2017,__NTRIND,0.69
07/20/2017,__NTRIND,1.34
07/21/2017,__NTRIND,1.42
07/24/2017,__NTRIND,1.28
07/25/2017,__NTRIND,0.7
07/26/2017,__NTRIND,1.34
07/27/2017,__NTRIND,0.83
07/28/2017,__NTRIND,1.43
07/31/2017,__NTRIND,0.92
08/01/2017,__NTRIND,1.25
08/02/2017,__NTRIND,0.98
08/03/2017,__NTRIND,1.12
08/04/2017,__NTRIND,0.75
08/07/2017,__NTRIND,1.01
08/08/2017,__NTRIND,1.05
08/09/2017,__NTRIND,0.8
08/10/2017,__NTRIND,1.02
08/11/2017,__NTRIND,1.37
08/14/2017,__NTRIND,1.14
08/15/2017,__NTRIND,0.86
08/16/2017,__NTRIND,1.07
08/17/2017,__NTRIND,1.73
08/18/2017,__NTRIND,1.25
08/21/2017,__NTRIND,1.11
08/22/2017,__NTRIND,0.86
08/23/2017,__NTRIND,0.81
08/24/2017,__NTRIND,1.06
08/25/2017,__NTRIND,1.03
08/28/2017,__NTRIND,1.39
08/29/2017,__NTRIND,1.14
08/30/2017,__NTRIND,1.36
08/31/2017,__NTRIND,0.96
09/01/2017,__NTRIND,0.68
09/05/2017,__NTRIND,0.69
09/06/2017,__NTRIND,0.76
09/07/2017,__NTRIND,1.05
09/08/2017,__NTRIND,1.32
09/11/2017,__NTRIND,0.87
09/12/2017,__NTRIND,0.65
09/13/2017,__NTRIND,0.74
09/14/2017,__NTRIND,1
09/15/2017,__NTRIND,1.21
09/18/2017,__NTRIND,0.91
09/19/2017,__NTRIND,0.99
09/20/2017,__NTRIND,0.9
09/21/2017,__NTRIND,1.08
09/22/2017,__NTRIND,1.06
09/25/2017,__NTRIND,0.93
09/26/2017,__NTRIND,1.22
09/27/2017,__NTRIND,0.85
09/28/2017,__NTRIND,1.17
09/29/2017,__NTRIND,1.24
10/02/2017,__NTRIND,0.9
10/03/2017,__NTRIND,0.68
10/04/2017,__NTRIND,1.02
10/05/2017,__NTRIND,0.77
10/06/2017,__NTRIND,0.96
10/09/2017,__NTRIND,1.24
10/10/2017,__NTRIND,1.12
10/11/2017,__NTRIND,1.32
10/12/2017,__NTRIND,1.56
10/13/2017,__NTRIND,1.13
10/16/2017,__NTRIND,1
10/17/2017,__NTRIND,0.92
10/18/2017,__NTRIND,1.08
10/19/2017,__NTRIND,0.91
10/20/2017,__NTRIND,0.9
10/23/2017,__NTRIND,1.56
10/24/2017,__NTRIND,0.86
10/25/2017,__NTRIND,1
10/26/2017,__NTRIND,1.02
10/27/2017,__NTRIND,1.1
10/30/2017,__NTRIND,1.11
10/31/2017,__NTRIND,1.34
11/01/2017,__NTRIND,0.8
11/02/2017,__NTRIND,1.24
11/03/2017,__NTRIND,0.96
11/06/2017,__NTRIND,0.82
11/07/2017,__NTRIND,1.09
11/08/2017,__NTRIND,0.99
11/09/2017,__NTRIND,0.7
11/10/2017,__NTRIND,0.88
11/13/2017,__NTRIND,1.05
11/14/2017,__NTRIND,1.43
11/15/2017,__NTRIND,0.88
11/16/2017,__NTRIND,1.16
11/17/2017,__NTRIND,1.06
11/20/2017,__NTRIND,1.15
11/21/2017,__NTRIND,1.37
11/22/2017,__NTRIND,0.95
11/24/2017,__NTRIND,1.07
11/27/2017,__NTRIND,1.02
11/28/2017,__NTRIND,0.6
11/29/2017,__NTRIND,0.6
11/30/2017,__NTRIND,0.88
12/01/2017,__NTRIND,0.81
12/04/2017,__NTRIND,0.73
12/05/2017,__NTRIND,1.54
12/06/2017,__NTRIND,1.38
12/07/2017,__NTRIND,0.9
12/08/2017,__NTRIND,0.51
12/11/2017,__NTRIND,0.72
12/12/2017,__NTRIND,0.65
12/13/2017,__NTRIND,1.33
12/14/2017,__NTRIND,1.44
12/15/2017,__NTRIND,0.65
12/18/2017,__NTRIND,0.7
12/19/2017,__NTRIND,1
12/20/2017,__NTRIND,0.85
12/21/2017,__NTRIND,0.62
12/22/2017,__NTRIND,0.98
12/26/2017,__NTRIND,0.69
12/27/2017,__NTRIND,1.43
12/28/2017,__NTRIND,0.82
12/29/2017,__NTRIND,1.48
01/02/2018,__NTRIND,0.57
01/03/2018,__NTRIND,0.91
01/04/2018,__NTRIND,0.89
01/05/2018,__NTRIND,0.94
01/08/2018,__NTRIND,1.16
01/09/2018,__NTRIND,0.85
01/10/2018,__NTRIND,0.58
01/11/2018,__NTRIND,0.72
01/12/2018,__NTRIND,0.65
01/16/2018,__NTRIND,0.99
01/17/2018,__NTRIND,0.87
01/18/2018,__NTRIND,0.8
01/19/2018,__NTRIND,1.1
01/22/2018,__NTRIND,0.73
01/23/2018,__NTRIND,1.51
01/24/2018,__NTRIND,0.61
01/25/2018,__NTRIND,1.13
01/26/2018,__NTRIND,0.49
01/29/2018,__NTRIND,0.69
01/30/2018,__NTRIND,1.19
01/31/2018,__NTRIND,1.07
02/01/2018,__NTRIND,0.75
02/02/2018,__NTRIND,1.46
02/05/2018,__NTRIND,3.55
02/06/2018,__NTRIND,0.62
02/07/2018,__NTRIND,1.47
02/08/2018,__NTRIND,1.21
02/09/2018,__NTRIND,0.58
02/12/2018,__NTRIND,0.62
02/13/2018,__NTRIND,1.11
02/14/2018,__NTRIND,0.48
02/15/2018,__NTRIND,0.85
02/16/2018,__NTRIND,1.15
02/20/2018,__NTRIND,1.23
02/21/2018,__NTRIND,2.17
02/22/2018,__NTRIND,0.87
02/23/2018,__NTRIND,0.83
02/26/2018,__NTRIND,0.78
02/27/2018,__NTRIND,2.26
02/28/2018,__NTRIND,1.73
03/01/2018,__NTRIND,1.19
03/02/2018,__NTRIND,0.73
03/05/2018,__NTRIND,0.58
03/06/2018,__NTRIND,1.23
03/07/2018,__NTRIND,1.49
03/08/2018,__NTRIND,1.08
03/09/2018,__NTRIND,0.63
03/12/2018,__NTRIND,0.86
03/13/2018,__NTRIND,1.45
03/14/2018,__NTRIND,1.35
03/15/2018,__NTRIND,1.13
03/16/2018,__NTRIND,0.76
03/19/2018,__NTRIND,1.9
03/20/2018,__NTRIND,0.92
03/21/2018,__NTRIND,0.91
03/22/2018,__NTRIND,2.11
03/23/2018,__NTRIND,1.29
03/26/2018,__NTRIND,0.51
03/27/2018,__NTRIND,1.55
03/28/2018,__NTRIND,1.05
03/29/2018,__NTRIND,0.88
04/02/2018,__NTRIND,2.53
04/03/2018,__NTRIND,0.62
04/04/2018,__NTRIND,0.72
04/05/2018,__NTRIND,0.7
04/06/2018,__NTRIND,2.99
04/09/2018,__NTRIND,0.94
04/10/2018,__NTRIND,0.48
04/11/2018,__NTRIND,1.1
04/12/2018,__NTRIND,0.87
04/13/2018,__NTRIND,1.08
04/16/2018,__NTRIND,0.97
04/17/2018,__NTRIND,0.87
04/18/2018,__NTRIND,0.82
04/19/2018,__NTRIND,0.71
04/20/2018,__NTRIND,1.04
04/23/2018,__NTRIND,0.74
04/24/2018,__NTRIND,0.91
04/25/2018,__NTRIND,0.71
04/26/2018,__NTRIND,1.08
04/27/2018,__NTRIND,1.09
04/30/2018,__NTRIND,1.47
05/01/2018,__NTRIND,1.35
05/02/2018,__NTRIND,1.5
05/03/2018,__NTRIND,1.18
05/04/2018,__NTRIND,0.62
05/07/2018,__NTRIND,1.1
05/08/2018,__NTRIND,0.94
05/09/2018,__NTRIND,0.86
05/10/2018,__NTRIND,0.73
05/11/2018,__NTRIND,1.1
05/14/2018,__NTRIND,0.83
05/15/2018,__NTRIND,0.84
05/16/2018,__NTRIND,0.91
05/17/2018,__NTRIND,0.97
05/18/2018,__NTRIND,1.59
05/21/2018,__NTRIND,0.97
05/22/2018,__NTRIND,1.01
05/23/2018,__NTRIND,1.3
05/24/2018,__NTRIND,1.28
05/25/2018,__NTRIND,1.46
05/29/2018,__NTRIND,1.89
05/30/2018,__NTRIND,0.55
05/31/2018,__NTRIND,1.61
06/01/2018,__NTRIND,1.11
06/04/2018,__NTRIND,1.15
06/05/2018,__NTRIND,1.34
06/06/2018,__NTRIND,0.69
06/07/2018,__NTRIND,1.01
06/08/2018,__NTRIND,0.68
06/11/2018,__NTRIND,0.8
06/12/2018,__NTRIND,0.85
06/13/2018,__NTRIND,1.22
06/14/2018,__NTRIND,1.29
06/15/2018,__NTRIND,1.16
06/18/2018,__NTRIND,0.85
06/19/2018,__NTRIND,0.95
06/20/2018,__NTRIND,1.06
06/21/2018,__NTRIND,1.1
06/22/2018,__NTRIND,1.13
06/25/2018,__NTRIND,1.16
06/26/2018,__NTRIND,1
06/27/2018,__NTRIND,0.92
06/28/2018,__NTRIND,0.82
06/29/2018,__NTRIND,1.33
07/02/2018,__NTRIND,1.18
07/03/2018,__NTRIND,1.08
07/05/2018,__NTRIND,0.83
07/06/2018,__NTRIND,0.63
07/09/2018,__NTRIND,0.75
07/10/2018,__NTRIND,0.73
07/11/2018,__NTRIND,1.53
07/12/2018,__NTRIND,0.96
07/13/2018,__NTRIND,1.15
07/16/2018,__NTRIND,0.77
07/17/2018,__NTRIND,0.9
07/18/2018,__NTRIND,0.94
07/19/2018,__NTRIND,1.63
07/20/2018,__NTRIND,1.03
07/23/2018,__NTRIND,0.82
07/24/2018,__NTRIND,0.7
07/25/2018,__NTRIND,0.98
07/26/2018,__NTRIND,1.04
07/27/2018,__NTRIND,0.73
07/30/2018,__NTRIND,0.72
07/31/2018,__NTRIND,1.21
08/01/2018,__NTRIND,1.13
08/02/2018,__NTRIND,1.07
08/03/2018,__NTRIND,0.72
08/06/2018,__NTRIND,1.15
08/07/2018,__NTRIND,1.02
08/08/2018,__NTRIND,1.13
08/09/2018,__NTRIND,1.25
08/10/2018,__NTRIND,1.35
08/13/2018,__NTRIND,1.75
08/14/2018,__NTRIND,0.86
08/15/2018,__NTRIND,1.5
08/16/2018,__NTRIND,1.01
08/17/2018,__NTRIND,0.63
08/20/2018,__NTRIND,1.05
08/21/2018,__NTRIND,1.21
08/22/2018,__NTRIND,1.19
08/23/2018,__NTRIND,1.29
08/24/2018,__NTRIND,1.07
08/27/2018,__NTRIND,0.58
08/28/2018,__NTRIND,1.35
08/29/2018,__NTRIND,0.99
08/30/2018,__NTRIND,1.8
08/31/2018,__NTRIND,1.21
09/04/2018,__NTRIND,1.1
09/05/2018,__NTRIND,0.67
09/06/2018,__NTRIND,1.14
09/07/2018,__NTRIND,0.69
09/10/2018,__NTRIND,1.35
09/11/2018,__NTRIND,0.89
09/12/2018,__NTRIND,0.74
09/13/2018,__NTRIND,1.15
09/14/2018,__NTRIND,0.9
09/17/2018,__NTRIND,0.65
09/18/2018,__NTRIND,0.7
09/19/2018,__NTRIND,0.53
09/20/2018,__NTRIND,0.52
09/21/2018,__NTRIND,0.83
09/24/2018,__NTRIND,1.26
09/25/2018,__NTRIND,1.02
09/26/2018,__NTRIND,1.54
09/27/2018,__NTRIND,1.14
09/28/2018,__NTRIND,1.23
10/01/2018,__NTRIND,0.62
10/02/2018,__NTRIND,0.72
10/03/2018,__NTRIND,0.63
10/04/2018,__NTRIND,0.48
10/05/2018,__NTRIND,0.8
10/08/2018,__NTRIND,0.47
10/09/2018,__NTRIND,1.23
10/10/2018,__NTRIND,1.39
10/11/2018,__NTRIND,1.48
10/12/2018,__NTRIND,0.76
10/15/2018,__NTRIND,1.02
10/16/2018,__NTRIND,0.93
10/17/2018,__NTRIND,0.72
10/18/2018,__NTRIND,1.27
10/19/2018,__NTRIND,0.82
10/22/2018,__NTRIND,1.33
10/23/2018,__NTRIND,0.9
10/24/2018,__NTRIND,1.88
10/25/2018,__NTRIND,0.95
10/26/2018,__NTRIND,1.09
10/29/2018,__NTRIND,1.03
10/30/2018,__NTRIND,0.62
10/31/2018,__NTRIND,0.95
11/01/2018,__NTRIND,1.24
11/02/2018,__NTRIND,1
11/05/2018,__NTRIND,0.78
11/06/2018,__NTRIND,0.9
11/07/2018,__NTRIND,1
11/08/2018,__NTRIND,1.46
11/09/2018,__NTRIND,1.06
11/12/2018,__NTRIND,1.74
11/13/2018,__NTRIND,1
11/14/2018,__NTRIND,1
11/15/2018,__NTRIND,0.7
11/16/2018,__NTRIND,0.91
11/19/2018,__NTRIND,0.77
11/20/2018,__NTRIND,1.44
11/21/2018,__NTRIND,0.82
11/23/2018,__NTRIND,1.5
11/26/2018,__NTRIND,0.63
11/27/2018,__NTRIND,0.76
11/28/2018,__NTRIND,0.47
11/29/2018,__NTRIND,1.24
11/30/2018,__NTRIND,0.86
12/03/2018,__NTRIND,0.87
12/04/2018,__NTRIND,3.11
12/06/2018,__NTRIND,1.04
12/07/2018,__NTRIND,2.02
12/10/2018,__NTRIND,1.26
12/11/2018,__NTRIND,1.13
12/12/2018,__NTRIND,0.82
12/13/2018,__NTRIND,0.84
12/14/2018,__NTRIND,1.26
12/17/2018,__NTRIND,1.19
12/18/2018,__NTRIND,1.02
12/19/2018,__NTRIND,1.32
12/20/2018,__NTRIND,1.11
12/21/2018,__NTRIND,1.85
12/24/2018,__NTRIND,2.13
12/26/2018,__NTRIND,0.21
12/27/2018,__NTRIND,0.66
12/28/2018,__NTRIND,1.82
12/31/2018,__NTRIND,1.07
01/02/2019,__NTRIND,1
01/03/2019,__NTRIND,1.48
01/04/2019,__NTRIND,0.38
01/07/2019,__NTRIND,0.97
01/08/2019,__NTRIND,1.27
01/09/2019,__NTRIND,0.77
01/10/2019,__NTRIND,1.19
01/11/2019,__NTRIND,0.91
01/14/2019,__NTRIND,0.77
01/15/2019,__NTRIND,1.1
01/16/2019,__NTRIND,1.07
01/17/2019,__NTRIND,0.9
01/18/2019,__NTRIND,0.56
01/22/2019,__NTRIND,1.73
01/23/2019,__NTRIND,1.12
01/24/2019,__NTRIND,1.15
01/25/2019,__NTRIND,0.94
01/28/2019,__NTRIND,1.14
01/29/2019,__NTRIND,0.93
01/30/2019,__NTRIND,0.95
01/31/2019,__NTRIND,1.34
02/01/2019,__NTRIND,1.1
02/04/2019,__NTRIND,0.88
02/05/2019,__NTRIND,1.2
02/06/2019,__NTRIND,1.3
02/07/2019,__NTRIND,1.14
02/08/2019,__NTRIND,1.03
02/11/2019,__NTRIND,1.21
02/12/2019,__NTRIND,0.89
02/13/2019,__NTRIND,1.11
02/14/2019,__NTRIND,1.07
02/15/2019,__NTRIND,0.69
02/19/2019,__NTRIND,1.11
02/20/2019,__NTRIND,1.1
02/21/2019,__NTRIND,1.28
02/22/2019,__NTRIND,1.41
02/25/2019,__NTRIND,0.99
02/26/2019,__NTRIND,1.08
02/27/2019,__NTRIND,0.83
02/28/2019,__NTRIND,1.18
03/01/2019,__NTRIND,1.03
03/04/2019,__NTRIND,0.98
03/05/2019,__NTRIND,1.27
03/06/2019,__NTRIND,2.14
03/07/2019,__NTRIND,1.07
03/08/2019,__NTRIND,1.03
03/11/2019,__NTRIND,0.69
03/12/2019,__NTRIND,1.04
03/13/2019,__NTRIND,0.66
03/14/2019,__NTRIND,1.08
03/15/2019,__NTRIND,1.12
03/18/2019,__NTRIND,0.87
03/19/2019,__NTRIND,1.07
03/20/2019,__NTRIND,1.23
03/21/2019,__NTRIND,1.24
03/22/2019,__NTRIND,1.59
03/25/2019,__NTRIND,1.04
03/26/2019,__NTRIND,0.62
03/27/2019,__NTRIND,1.67
03/28/2019,__NTRIND,0.96
03/29/2019,__NTRIND,0.86
04/01/2019,__NTRIND,0.85
04/02/2019,__NTRIND,1.04
04/03/2019,__NTRIND,1.41
04/04/2019,__NTRIND,0.68
04/05/2019,__NTRIND,0.88
04/08/2019,__NTRIND,0.83
04/09/2019,__NTRIND,1.38
04/10/2019,__NTRIND,1.72
04/11/2019,__NTRIND,1.42
04/12/2019,__NTRIND,1.08
04/15/2019,__NTRIND,1.21
04/16/2019,__NTRIND,0.94
04/17/2019,__NTRIND,1.11
04/18/2019,__NTRIND,0.86
04/22/2019,__NTRIND,0.89
04/23/2019,__NTRIND,1.04
04/24/2019,__NTRIND,1.5
04/25/2019,__NTRIND,1.07
04/26/2019,__NTRIND,0.87
04/29/2019,__NTRIND,1.31
04/30/2019,__NTRIND,0.99
05/01/2019,__NTRIND,2.22
05/02/2019,__NTRIND,1.02
05/03/2019,__NTRIND,0.71
05/06/2019,__NTRIND,1.31
05/07/2019,__NTRIND,1.33
05/08/2019,__NTRIND,1.08
05/09/2019,__NTRIND,1.2
05/10/2019,__NTRIND,1.47
05/13/2019,__NTRIND,1.81
05/14/2019,__NTRIND,0.86
05/15/2019,__NTRIND,1.45
05/16/2019,__NTRIND,1.03
05/17/2019,__NTRIND,0.97
05/20/2019,__NTRIND,0.84
05/21/2019,__NTRIND,0.73
05/22/2019,__NTRIND,1.26
05/23/2019,__NTRIND,1.13
05/24/2019,__NTRIND,1.29
05/28/2019,__NTRIND,1.61
05/29/2019,__NTRIND,0.98
05/30/2019,__NTRIND,1.39
05/31/2019,__NTRIND,1.2
06/03/2019,__NTRIND,0.66
06/04/2019,__NTRIND,0.54
06/05/2019,__NTRIND,1.35
06/06/2019,__NTRIND,0.86
06/07/2019,__NTRIND,1.41
06/10/2019,__NTRIND,1.25
06/11/2019,__NTRIND,0.73
06/12/2019,__NTRIND,1.27
06/13/2019,__NTRIND,0.81
06/14/2019,__NTRIND,1.06
06/17/2019,__NTRIND,0.99
06/18/2019,__NTRIND,0.75
06/19/2019,__NTRIND,1.11
06/20/2019,__NTRIND,0.75
06/21/2019,__NTRIND,1.02
06/24/2019,__NTRIND,1.18
06/25/2019,__NTRIND,1.38
06/26/2019,__NTRIND,0.92
06/27/2019,__NTRIND,1.09
06/28/2019,__NTRIND,0.77
07/01/2019,__NTRIND,0.96
07/02/2019,__NTRIND,1.3
07/03/2019,__NTRIND,0.89
07/05/2019,__NTRIND,0.69
07/08/2019,__NTRIND,1.3
07/09/2019,__NTRIND,0.88
07/10/2019,__NTRIND,1.11
07/11/2019,__NTRIND,1.1
07/12/2019,__NTRIND,0.98
07/15/2019,__NTRIND,1.46
07/16/2019,__NTRIND,1.41
07/17/2019,__NTRIND,1.35
07/18/2019,__NTRIND,0.93
07/19/2019,__NTRIND,1.25
07/22/2019,__NTRIND,0.97
07/23/2019,__NTRIND,0.78
07/24/2019,__NTRIND,1
07/25/2019,__NTRIND,1.12
07/26/2019,__NTRIND,0.97
07/29/2019,__NTRIND,1.49
07/30/2019,__NTRIND,0.99
07/31/2019,__NTRIND,1.72
08/01/2019,__NTRIND,1.48
08/02/2019,__NTRIND,1.18
08/05/2019,__NTRIND,1.67
08/06/2019,__NTRIND,1.08
08/07/2019,__NTRIND,0.99
08/08/2019,__NTRIND,0.66
08/09/2019,__NTRIND,1.79
08/12/2019,__NTRIND,2.06
08/13/2019,__NTRIND,0.89
08/14/2019,__NTRIND,3.65
08/15/2019,__NTRIND,1.42
08/16/2019,__NTRIND,0.39
08/19/2019,__NTRIND,0.81
08/20/2019,__NTRIND,1.63
08/21/2019,__NTRIND,1.03
08/22/2019,__NTRIND,0.94
08/23/2019,__NTRIND,2.3
08/26/2019,__NTRIND,0.67
08/27/2019,__NTRIND,1.24
08/28/2019,__NTRIND,0.53
08/29/2019,__NTRIND,0.64
08/30/2019,__NTRIND,0.85
09/03/2019,__NTRIND,1.27
09/04/2019,__NTRIND,0.57
09/05/2019,__NTRIND,0.64
09/06/2019,__NTRIND,1.28
09/09/2019,__NTRIND,0.66
09/10/2019,__NTRIND,0.79
09/11/2019,__NTRIND,0.82
09/12/2019,__NTRIND,1.35
09/13/2019,__NTRIND,0.79
09/16/2019,__NTRIND,0.83
09/17/2019,__NTRIND,1.81
09/18/2019,__NTRIND,1.44
09/19/2019,__NTRIND,1.5
09/20/2019,__NTRIND,1.26
09/23/2019,__NTRIND,1.06
09/24/2019,__NTRIND,1.72
09/25/2019,__NTRIND,0.88
09/26/2019,__NTRIND,1.34
09/27/2019,__NTRIND,1.02
09/30/2019,__NTRIND,1.25
10/01/2019,__NTRIND,1.92
10/02/2019,__NTRIND,1.59
10/03/2019,__NTRIND,0.79
10/04/2019,__NTRIND,0.94
10/07/2019,__NTRIND,1.2
10/08/2019,__NTRIND,1.93
10/09/2019,__NTRIND,0.78
10/10/2019,__NTRIND,0.72
10/11/2019,__NTRIND,0.64
10/14/2019,__NTRIND,1.16
10/15/2019,__NTRIND,0.66
10/16/2019,__NTRIND,1.18
10/17/2019,__NTRIND,1.07
10/18/2019,__NTRIND,0.96
10/21/2019,__NTRIND,0.84
10/22/2019,__NTRIND,0.97
10/23/2019,__NTRIND,0.8
10/24/2019,__NTRIND,1.54
10/25/2019,__NTRIND,0.69
10/28/2019,__NTRIND,1.01
10/29/2019,__NTRIND,0.93
10/30/2019,__NTRIND,1.08
10/31/2019,__NTRIND,1.36
11/01/2019,__NTRIND,0.71
11/04/2019,__NTRIND,0.79
11/05/2019,__NTRIND,0.83
11/06/2019,__NTRIND,1.17
11/07/2019,__NTRIND,0.73
11/08/2019,__NTRIND,0.89
11/11/2019,__NTRIND,1.1
11/12/2019,__NTRIND,1.32
11/13/2019,__NTRIND,1.26
11/14/2019,__NTRIND,1.62
11/15/2019,__NTRIND,0.54
11/18/2019,__NTRIND,1.25
11/19/2019,__NTRIND,1.31
11/20/2019,__NTRIND,1.13
11/21/2019,__NTRIND,0.59
11/22/2019,__NTRIND,0.78
11/25/2019,__NTRIND,0.96
11/26/2019,__NTRIND,1.11
11/27/2019,__NTRIND,0.65
11/29/2019,__NTRIND,1.58
12/02/2019,__NTRIND,0.9
12/03/2019,__NTRIND,1.23
12/04/2019,__NTRIND,0.82
12/05/2019,__NTRIND,0.96
12/06/2019,__NTRIND,0.74
12/09/2019,__NTRIND,1
12/10/2019,__NTRIND,0.89
12/11/2019,__NTRIND,1.4
12/12/2019,__NTRIND,0.63
12/13/2019,__NTRIND,1.63
12/16/2019,__NTRIND,0.85
12/17/2019,__NTRIND,1.15
12/18/2019,__NTRIND,1
12/19/2019,__NTRIND,1.07
12/20/2019,__NTRIND,0.88
12/23/2019,__NTRIND,1
12/24/2019,__NTRIND,1.06
12/26/2019,__NTRIND,0.75
12/27/2019,__NTRIND,1.58
12/30/2019,__NTRIND,0.97
12/31/2019,__NTRIND,0.55
01/02/2020,__NTRIND,1.37
01/03/2020,__NTRIND,1.5
01/06/2020,__NTRIND,0.97
01/07/2020,__NTRIND,1.02
01/08/2020,__NTRIND,1.35
01/09/2020,__NTRIND,1.1
01/10/2020,__NTRIND,1.28
01/13/2020,__NTRIND,1.14
01/14/2020,__NTRIND,1.05
01/15/2020,__NTRIND,1.27
01/16/2020,__NTRIND,0.89
01/17/2020,__NTRIND,1.12
01/21/2020,__NTRIND,1.22
01/22/2020,__NTRIND,1.39
01/23/2020,__NTRIND,1.11
01/24/2020,__NTRIND,2.31
01/27/2020,__NTRIND,1.97
01/28/2020,__NTRIND,0.76
01/29/2020,__NTRIND,1.32
01/30/2020,__NTRIND,0.93
01/31/2020,__NTRIND,2.09
02/03/2020,__NTRIND,1.06
02/04/2020,__NTRIND,0.69
02/05/2020,__NTRIND,1.02
02/06/2020,__NTRIND,1.13
02/07/2020,__NTRIND,1.45
02/10/2020,__NTRIND,1.37
02/11/2020,__NTRIND,0.89
02/12/2020,__NTRIND,0.83
02/13/2020,__NTRIND,1.33
02/14/2020,__NTRIND,1.42
02/18/2020,__NTRIND,1.16
02/19/2020,__NTRIND,0.76
02/20/2020,__NTRIND,1.2
02/21/2020,__NTRIND,1.1
02/24/2020,__NTRIND,1.61
02/25/2020,__NTRIND,1.15
02/26/2020,__NTRIND,1.9
02/27/2020,__NTRIND,1.73
02/28/2020,__NTRIND,0.63
03/02/2020,__NTRIND,1.18
03/03/2020,__NTRIND,2.71
03/04/2020,__NTRIND,0.97
03/05/2020,__NTRIND,1.7
03/06/2020,__NTRIND,1.18
03/09/2020,__NTRIND,1.44
03/10/2020,__NTRIND,0.32
03/11/2020,__NTRIND,2.02
03/12/2020,__NTRIND,0.52
03/13/2020,__NTRIND,0.4
03/16/2020,__NTRIND,0.99
03/17/2020,__NTRIND,0.66
03/18/2020,__NTRIND,1.06
03/19/2020,__NTRIND,1
03/20/2020,__NTRIND,1.41
03/23/2020,__NTRIND,0.93
03/24/2020,__NTRIND,0.53
03/25/2020,__NTRIND,1.13
03/26/2020,__NTRIND,1.06
03/27/2020,__NTRIND,1.71
03/30/2020,__NTRIND,1.23
03/31/2020,__NTRIND,1.11
04/01/2020,__NTRIND,1.17
04/02/2020,__NTRIND,0.91
04/03/2020,__NTRIND,0.54
04/06/2020,__NTRIND,0.76
04/07/2020,__NTRIND,1.16
04/08/2020,__NTRIND,0.53
04/09/2020,__NTRIND,1.7
04/13/2020,__NTRIND,0.99
04/14/2020,__NTRIND,1.73
04/15/2020,__NTRIND,1.81
04/16/2020,__NTRIND,1.39
04/17/2020,__NTRIND,0.78
04/20/2020,__NTRIND,1.16
04/21/2020,__NTRIND,1.11
04/22/2020,__NTRIND,1.01
04/23/2020,__NTRIND,0.86
04/24/2020,__NTRIND,1.1
04/27/2020,__NTRIND,0.68
04/28/2020,__NTRIND,0.73
04/29/2020,__NTRIND,1.24
04/30/2020,__NTRIND,1.17
05/01/2020,__NTRIND,1.84
05/04/2020,__NTRIND,1.1
05/05/2020,__NTRIND,1.62
05/06/2020,__NTRIND,1.81
05/07/2020,__NTRIND,1.09
05/08/2020,__NTRIND,0.58
05/11/2020,__NTRIND,1.69
05/12/2020,__NTRIND,1.47
05/13/2020,__NTRIND,1.3
05/14/2020,__NTRIND,0.53
05/15/2020,__NTRIND,1.14
05/18/2020,__NTRIND,0.72
05/19/2020,__NTRIND,1.85
05/20/2020,__NTRIND,1.11
05/21/2020,__NTRIND,1.15
05/22/2020,__NTRIND,1.42
05/26/2020,__NTRIND,1.06
05/27/2020,__NTRIND,0.82
05/28/2020,__NTRIND,2.22
05/29/2020,__NTRIND,1.73
06/01/2020,__NTRIND,0.76
06/02/2020,__NTRIND,0.76
06/03/2020,__NTRIND,0.68
06/04/2020,__NTRIND,0.55
06/05/2020,__NTRIND,0.59
06/08/2020,__NTRIND,0.46
06/09/2020,__NTRIND,2.55
06/10/2020,__NTRIND,2.17
06/11/2020,__NTRIND,2.59
06/12/2020,__NTRIND,0.47
06/15/2020,__NTRIND,0.99
06/16/2020,__NTRIND,0.8
06/17/2020,__NTRIND,1.72
06/18/2020,__NTRIND,0.81
06/19/2020,__NTRIND,1.55
06/22/2020,__NTRIND,0.99
06/23/2020,__NTRIND,1.23
06/24/2020,__NTRIND,2.13
06/25/2020,__NTRIND,0.55
06/26/2020,__NTRIND,1.4
06/29/2020,__NTRIND,0.46
06/30/2020,__NTRIND,0.8
07/01/2020,__NTRIND,1.68
07/02/2020,__NTRIND,0.85
07/06/2020,__NTRIND,0.63
07/07/2020,__NTRIND,0.94
07/08/2020,__NTRIND,0.92
07/09/2020,__NTRIND,1.28
07/10/2020,__NTRIND,0.66
07/13/2020,__NTRIND,1.14
07/14/2020,__NTRIND,0.63
07/15/2020,__NTRIND,0.83
07/16/2020,__NTRIND,1.29
07/17/2020,__NTRIND,1.66
07/20/2020,__NTRIND,1.32
07/21/2020,__NTRIND,0.74
07/22/2020,__NTRIND,1.02
07/23/2020,__NTRIND,1.2
07/24/2020,__NTRIND,1.13
07/27/2020,__NTRIND,1.19
07/28/2020,__NTRIND,0.95
07/29/2020,__NTRIND,1.27
07/30/2020,__NTRIND,1.85
07/31/2020,__NTRIND,1.24
08/03/2020,__NTRIND,1.26
08/04/2020,__NTRIND,0.89
08/05/2020,__NTRIND,0.97
08/06/2020,__NTRIND,1.22
08/07/2020,__NTRIND,1.07
08/10/2020,__NTRIND,0.79
08/11/2020,__NTRIND,1
08/12/2020,__NTRIND,1.37
08/13/2020,__NTRIND,1.24
08/14/2020,__NTRIND,0.77
08/17/2020,__NTRIND,1.46
08/18/2020,__NTRIND,1.36
08/19/2020,__NTRIND,1.09
08/20/2020,__NTRIND,1.26
08/21/2020,__NTRIND,0.96
08/24/2020,__NTRIND,0.55
08/25/2020,__NTRIND,1.06
08/26/2020,__NTRIND,1.07
08/27/2020,__NTRIND,0.71
08/28/2020,__NTRIND,0.63
08/31/2020,__NTRIND,1.36
09/01/2020,__NTRIND,1.15
09/02/2020,__NTRIND,0.8
09/03/2020,__NTRIND,0.76
09/04/2020,__NTRIND,0.73
09/08/2020,__NTRIND,1.05
09/09/2020,__NTRIND,1.12
09/10/2020,__NTRIND,2.22
09/11/2020,__NTRIND,0.76
09/14/2020,__NTRIND,0.76
09/15/2020,__NTRIND,1.53
09/16/2020,__NTRIND,0.68
09/17/2020,__NTRIND,0.83
09/18/2020,__NTRIND,1.35
09/21/2020,__NTRIND,1.31
09/22/2020,__NTRIND,1.18
09/23/2020,__NTRIND,1.15
09/24/2020,__NTRIND,0.67
09/25/2020,__NTRIND,1.22
09/28/2020,__NTRIND,1.15
09/29/2020,__NTRIND,1.7
09/30/2020,__NTRIND,0.54
10/01/2020,__NTRIND,1.57
10/02/2020,__NTRIND,0.78
10/05/2020,__NTRIND,0.69
10/06/2020,__NTRIND,1.73
10/07/2020,__NTRIND,0.59
10/08/2020,__NTRIND,0.56
10/09/2020,__NTRIND,1.2
10/12/2020,__NTRIND,1.08
10/13/2020,__NTRIND,1.59
10/14/2020,__NTRIND,0.84
10/15/2020,__NTRIND,0.67
10/16/2020,__NTRIND,0.77
10/19/2020,__NTRIND,1.2
10/20/2020,__NTRIND,0.79
10/21/2020,__NTRIND,0.88
10/22/2020,__NTRIND,0.51
10/23/2020,__NTRIND,1.13
10/26/2020,__NTRIND,1.39
10/27/2020,__NTRIND,1.44
10/28/2020,__NTRIND,0.87
10/29/2020,__NTRIND,0.77
10/30/2020,__NTRIND,0.74
11/02/2020,__NTRIND,0.56
11/03/2020,__NTRIND,0.78
11/04/2020,__NTRIND,1.58
11/05/2020,__NTRIND,0.89
11/06/2020,__NTRIND,0.84
11/09/2020,__NTRIND,0.69
11/10/2020,__NTRIND,1.01
11/11/2020,__NTRIND,1.73
11/12/2020,__NTRIND,1.26
11/13/2020,__NTRIND,0.86
11/16/2020,__NTRIND,0.77
11/17/2020,__NTRIND,0.84
11/18/2020,__NTRIND,1.26
11/19/2020,__NTRIND,0.88
11/20/2020,__NTRIND,1.16
11/23/2020,__NTRIND,0.69
11/24/2020,__NTRIND,0.71
11/25/2020,__NTRIND,1.03
11/27/2020,__NTRIND,1.73
11/30/2020,__NTRIND,1.65
12/01/2020,__NTRIND,1.08
12/02/2020,__NTRIND,0.67
12/03/2020,__NTRIND,1.04
12/04/2020,__NTRIND,0.82
12/07/2020,__NTRIND,1.27
12/08/2020,__NTRIND,1.07
12/09/2020,__NTRIND,0.94
12/10/2020,__NTRIND,0.91
12/11/2020,__NTRIND,1.64
12/14/2020,__NTRIND,2.57
12/15/2020,__NTRIND,0.66
12/16/2020,__NTRIND,1.23
12/17/2020,__NTRIND,0.93
12/18/2020,__NTRIND,1.42
12/21/2020,__NTRIND,1.06
12/22/2020,__NTRIND,1.31
12/23/2020,__NTRIND,0.74
12/24/2020,__NTRIND,2.11
12/28/2020,__NTRIND,1.27
12/29/2020,__NTRIND,1.08
12/30/2020,__NTRIND,0.92
12/31/2020,__NTRIND,1.04
01/04/2021,__NTRIND,0.9
01/05/2021,__NTRIND,0.85
01/06/2021,__NTRIND,0.45
01/07/2021,__NTRIND,0.89
01/08/2021,__NTRIND,1.15
01/11/2021,__NTRIND,0.61
01/12/2021,__NTRIND,0.67
01/13/2021,__NTRIND,1.6
01/14/2021,__NTRIND,0.8
01/15/2021,__NTRIND,1.09
01/19/2021,__NTRIND,1.17
01/20/2021,__NTRIND,1.63
01/21/2021,__NTRIND,1.26
01/22/2021,__NTRIND,1.02
01/25/2021,__NTRIND,0.7
01/26/2021,__NTRIND,0.86
01/27/2021,__NTRIND,0.26
01/28/2021,__NTRIND,1.59
01/29/2021,__NTRIND,1.2
02/01/2021,__NTRIND,0.83
02/02/2021,__NTRIND,1.72
02/03/2021,__NTRIND,0.73
02/04/2021,__NTRIND,1.3
02/05/2021,__NTRIND,0.97
02/08/2021,__NTRIND,1.06
02/09/2021,__NTRIND,1.64
02/10/2021,__NTRIND,0.9
02/11/2021,__NTRIND,1.29
02/12/2021,__NTRIND,0.7
02/16/2021,__NTRIND,0.67
02/17/2021,__NTRIND,0.91
02/18/2021,__NTRIND,1.31
02/19/2021,__NTRIND,0.9
02/22/2021,__NTRIND,0.71
02/23/2021,__NTRIND,0.64
02/24/2021,__NTRIND,0.64
02/25/2021,__NTRIND,0.8
02/26/2021,__NTRIND,1.99
03/01/2021,__NTRIND,0.77
03/02/2021,__NTRIND,0.83
03/03/2021,__NTRIND,0.74
03/04/2021,__NTRIND,0.6
03/05/2021,__NTRIND,0.88
03/08/2021,__NTRIND,1.05
03/09/2021,__NTRIND,1.34
03/10/2021,__NTRIND,0.97
03/11/2021,__NTRIND,1.52
03/12/2021,__NTRIND,0.59
03/15/2021,__NTRIND,1.05
03/16/2021,__NTRIND,1.67
03/17/2021,__NTRIND,0.56
03/18/2021,__NTRIND,0.71
03/19/2021,__NTRIND,1.43
03/22/2021,__NTRIND,1.23
03/23/2021,__NTRIND,1.7
03/24/2021,__NTRIND,1.46
03/25/2021,__NTRIND,0.52
03/26/2021,__NTRIND,1.5
03/29/2021,__NTRIND,1.03
03/30/2021,__NTRIND,0.81
03/31/2021,__NTRIND,1.67
04/01/2021,__NTRIND,1.8
04/05/2021,__NTRIND,1.15
04/06/2021,__NTRIND,0.96
04/07/2021,__NTRIND,1.04
04/08/2021,__NTRIND,1.81
04/09/2021,__NTRIND,1.05
04/12/2021,__NTRIND,1.16
04/13/2021,__NTRIND,1.17
04/14/2021,__NTRIND,0.74
04/15/2021,__NTRIND,1.42
04/16/2021,__NTRIND,0.59
04/19/2021,__NTRIND,0.73
04/20/2021,__NTRIND,1.14
04/21/2021,__NTRIND,0.56
04/22/2021,__NTRIND,1.07
04/23/2021,__NTRIND,0.77
04/26/2021,__NTRIND,0.84
04/27/2021,__NTRIND,0.87
04/28/2021,__NTRIND,0.84
04/29/2021,__NTRIND,0.92
04/30/2021,__NTRIND,1.51
05/03/2021,__NTRIND,1
05/04/2021,__NTRIND,1.08
05/05/2021,__NTRIND,0.81
05/06/2021,__NTRIND,0.75
05/07/2021,__NTRIND,0.86
05/10/2021,__NTRIND,0.98
05/11/2021,__NTRIND,0.66
05/12/2021,__NTRIND,0.93
05/13/2021,__NTRIND,1.04
05/14/2021,__NTRIND,0.59
05/17/2021,__NTRIND,0.62
05/18/2021,__NTRIND,1.61
05/19/2021,__NTRIND,1.58
05/20/2021,__NTRIND,1.41
05/21/2021,__NTRIND,1.08
05/24/2021,__NTRIND,1.04
05/25/2021,__NTRIND,1.45
05/26/2021,__NTRIND,0.62
05/27/2021,__NTRIND,0.95
05/28/2021,__NTRIND,1.64
06/01/2021,__NTRIND,0.72
06/02/2021,__NTRIND,0.65
06/03/2021,__NTRIND,0.94
06/04/2021,__NTRIND,1.46
06/07/2021,__NTRIND,1.27
06/08/2021,__NTRIND,1.35
06/09/2021,__NTRIND,1.29
06/10/2021,__NTRIND,1.3
06/11/2021,__NTRIND,1.05
06/14/2021,__NTRIND,1.58
06/15/2021,__NTRIND,0.91
06/16/2021,__NTRIND,1.09
06/17/2021,__NTRIND,1.52
06/18/2021,__NTRIND,1.86
06/21/2021,__NTRIND,0.42
06/22/2021,__NTRIND,1.21
06/23/2021,__NTRIND,0.95
06/24/2021,__NTRIND,0.71
06/25/2021,__NTRIND,1.03
06/28/2021,__NTRIND,1.66
06/29/2021,__NTRIND,1.45
06/30/2021,__NTRIND,0.78
07/01/2021,__NTRIND,0.87
07/02/2021,__NTRIND,1.15
07/06/2021,__NTRIND,2.04
07/07/2021,__NTRIND,1.51
07/08/2021,__NTRIND,1.5
07/09/2021,__NTRIND,0.39
07/12/2021,__NTRIND,1.21
07/13/2021,__NTRIND,1.08
07/14/2021,__NTRIND,1.11
07/15/2021,__NTRIND,0.97
07/16/2021,__NTRIND,1.7
07/19/2021,__NTRIND,1.62
07/20/2021,__NTRIND,0.49
07/21/2021,__NTRIND,0.52
07/22/2021,__NTRIND,1.57
07/23/2021,__NTRIND,1.81
07/26/2021,__NTRIND,0.93
07/27/2021,__NTRIND,0.84
07/28/2021,__NTRIND,0.75
07/29/2021,__NTRIND,0.99
07/30/2021,__NTRIND,1.76
08/02/2021,__NTRIND,1.33
08/03/2021,__NTRIND,0.78
08/04/2021,__NTRIND,1.97
08/05/2021,__NTRIND,0.81
08/06/2021,__NTRIND,0.8
08/09/2021,__NTRIND,0.87
08/10/2021,__NTRIND,0.66
08/11/2021,__NTRIND,0.87
08/12/2021,__NTRIND,1.3
08/13/2021,__NTRIND,1.31
08/16/2021,__NTRIND,1.38
08/17/2021,__NTRIND,1.01
08/18/2021,__NTRIND,1.3
08/19/2021,__NTRIND,1.43
08/20/2021,__NTRIND,0.66
08/23/2021,__NTRIND,0.71
08/24/2021,__NTRIND,0.6
08/25/2021,__NTRIND,0.84
08/26/2021,__NTRIND,1.43
08/27/2021,__NTRIND,0.79
08/30/2021,__NTRIND,1.28
08/31/2021,__NTRIND,0.83
09/01/2021,__NTRIND,1.35
09/02/2021,__NTRIND,0.96
09/03/2021,__NTRIND,1.24
09/07/2021,__NTRIND,0.73
09/08/2021,__NTRIND,1.3
09/09/2021,__NTRIND,0.89
09/10/2021,__NTRIND,1.54
09/13/2021,__NTRIND,0.68
09/14/2021,__NTRIND,1.53
09/15/2021,__NTRIND,0.83
09/16/2021,__NTRIND,1.35
09/17/2021,__NTRIND,1.11
09/20/2021,__NTRIND,1.58
09/21/2021,__NTRIND,1.34
09/22/2021,__NTRIND,0.73
09/23/2021,__NTRIND,0.49
09/24/2021,__NTRIND,0.81
09/27/2021,__NTRIND,0.56
09/28/2021,__NTRIND,0.97
09/29/2021,__NTRIND,1.12
09/30/2021,__NTRIND,1.6
10/01/2021,__NTRIND,0.58
10/04/2021,__NTRIND,0.63
10/05/2021,__NTRIND,0.81
10/06/2021,__NTRIND,1.05
10/07/2021,__NTRIND,0.74
10/08/2021,__NTRIND,0.74
10/11/2021,__NTRIND,1.15
10/12/2021,__NTRIND,1.2
10/13/2021,__NTRIND,1.21
10/14/2021,__NTRIND,0.94
10/15/2021,__NTRIND,0.69
10/18/2021,__NTRIND,1.09
10/19/2021,__NTRIND,0.83
10/20/2021,__NTRIND,0.79
10/21/2021,__NTRIND,1.37
10/22/2021,__NTRIND,1.08
10/25/2021,__NTRIND,1.13
10/26/2021,__NTRIND,1.31
10/27/2021,__NTRIND,1.76
10/28/2021,__NTRIND,0.96
10/29/2021,__NTRIND,1.69
11/01/2021,__NTRIND,0.72
11/02/2021,__NTRIND,1.34
11/03/2021,__NTRIND,0.91
11/04/2021,__NTRIND,1.74
11/05/2021,__NTRIND,1.03
11/08/2021,__NTRIND,0.94
11/09/2021,__NTRIND,1.16
11/10/2021,__NTRIND,0.69
11/11/2021,__NTRIND,0.7
11/12/2021,__NTRIND,1.14
11/15/2021,__NTRIND,0.75
11/16/2021,__NTRIND,1.25
11/17/2021,__NTRIND,1.12
11/18/2021,__NTRIND,1.29
11/19/2021,__NTRIND,1.39
11/22/2021,__NTRIND,0.64
11/23/2021,__NTRIND,0.62
11/24/2021,__NTRIND,0.89
11/26/2021,__NTRIND,1.39
11/29/2021,__NTRIND,1.26
11/30/2021,__NTRIND,1.94
12/01/2021,__NTRIND,1.8
12/02/2021,__NTRIND,0.45
12/03/2021,__NTRIND,0.97
12/06/2021,__NTRIND,0.69
12/07/2021,__NTRIND,0.78
12/08/2021,__NTRIND,0.93
12/09/2021,__NTRIND,0.95
12/10/2021,__NTRIND,0.78
12/13/2021,__NTRIND,1.31
12/14/2021,__NTRIND,0.67
12/15/2021,__NTRIND,1.05
12/16/2021,__NTRIND,0.94
12/17/2021,__NTRIND,1.11
12/20/2021,__NTRIND,1.04
12/21/2021,__NTRIND,0.64
12/22/2021,__NTRIND,1.03
12/23/2021,__NTRIND,0.88
12/27/2021,__NTRIND,0.91
12/28/2021,__NTRIND,1.18
12/29/2021,__NTRIND,1.5
12/30/2021,__NTRIND,0.97
12/31/2021,__NTRIND,1.41
01/03/2022,__NTRIND,0.65
01/04/2022,__NTRIND,0.6
01/05/2022,__NTRIND,0.74
01/06/2022,__NTRIND,0.82
01/07/2022,__NTRIND,0.63
01/10/2022,__NTRIND,0.78
01/11/2022,__NTRIND,0.72
01/12/2022,__NTRIND,0.87
01/13/2022,__NTRIND,1.06
01/14/2022,__NTRIND,0.63
01/18/2022,__NTRIND,0.89
01/19/2022,__NTRIND,1.12
01/20/2022,__NTRIND,1.22
01/21/2022,__NTRIND,1.5
01/24/2022,__NTRIND,0.73
01/25/2022,__NTRIND,0.94
01/26/2022,__NTRIND,0.92
01/27/2022,__NTRIND,0.78
01/28/2022,__NTRIND,0.63
01/31/2022,__NTRIND,1.05
02/01/2022,__NTRIND,0.89
02/02/2022,__NTRIND,0.99
02/03/2022,__NTRIND,0.96
02/04/2022,__NTRIND,0.65
02/07/2022,__NTRIND,0.84
02/08/2022,__NTRIND,0.78
02/09/2022,__NTRIND,0.7
02/10/2022,__NTRIND,0.94
02/11/2022,__NTRIND,0.8
02/14/2022,__NTRIND,1.09
02/15/2022,__NTRIND,0.86
02/16/2022,__NTRIND,1.43
02/17/2022,__NTRIND,1.2
02/18/2022,__NTRIND,1.1
02/22/2022,__NTRIND,1.05
02/23/2022,__NTRIND,0.97
02/24/2022,__NTRIND,1.09
02/25/2022,__NTRIND,0.81
02/28/2022,__NTRIND,1.31
03/01/2022,__NTRIND,1.34
03/02/2022,__NTRIND,0.56
03/03/2022,__NTRIND,0.99
03/04/2022,__NTRIND,0.84
03/07/2022,__NTRIND,0.77
03/08/2022,__NTRIND,0.63
03/09/2022,__NTRIND,0.91
03/10/2022,__NTRIND,0.71
03/11/2022,__NTRIND,1.42
03/14/2022,__NTRIND,0.77
03/15/2022,__NTRIND,0.69
03/16/2022,__NTRIND,0.77
03/17/2022,__NTRIND,1.2
03/18/2022,__NTRIND,1.29
03/21/2022,__NTRIND,0.89
03/22/2022,__NTRIND,0.72
03/23/2022,__NTRIND,0.9
03/24/2022,__NTRIND,0.66
03/25/2022,__NTRIND,0.63
03/28/2022,__NTRIND,0.98
03/29/2022,__NTRIND,1.06
03/30/2022,__NTRIND,1.27
03/31/2022,__NTRIND,2.68
04/01/2022,__NTRIND,0.7
04/04/2022,__NTRIND,0.88
04/05/2022,__NTRIND,0.89
04/06/2022,__NTRIND,0.71
04/07/2022,__NTRIND,1.19
04/08/2022,__NTRIND,0.58
04/11/2022,__NTRIND,0.69
04/12/2022,__NTRIND,1.26
04/13/2022,__NTRIND,0.59
04/14/2022,__NTRIND,1.06
04/18/2022,__NTRIND,0.77
04/19/2022,__NTRIND,0.72
04/20/2022,__NTRIND,1.14
04/21/2022,__NTRIND,1.21
04/22/2022,__NTRIND,1.66
04/25/2022,__NTRIND,0.9
04/26/2022,__NTRIND,1.62
04/27/2022,__NTRIND,0.73
04/28/2022,__NTRIND,0.7
04/29/2022,__NTRIND,2.09
05/02/2022,__NTRIND,0.57
05/03/2022,__NTRIND,0.72
05/04/2022,__NTRIND,0.48
05/05/2022,__NTRIND,2.06
05/06/2022,__NTRIND,0.87
05/09/2022,__NTRIND,1.59
05/10/2022,__NTRIND,1.07
05/11/2022,__NTRIND,1.1
05/12/2022,__NTRIND,0.67
05/13/2022,__NTRIND,0.31
05/16/2022,__NTRIND,1.1
05/17/2022,__NTRIND,0.46
05/18/2022,__NTRIND,3.01
05/19/2022,__NTRIND,0.99
05/20/2022,__NTRIND,0.94
05/23/2022,__NTRIND,0.73
05/24/2022,__NTRIND,1.37
05/25/2022,__NTRIND,0.77
05/26/2022,__NTRIND,0.85
05/27/2022,__NTRIND,0.91
05/31/2022,__NTRIND,1.53
06/01/2022,__NTRIND,1.27
06/02/2022,__NTRIND,0.71
06/03/2022,__NTRIND,1.35
06/06/2022,__NTRIND,0.76
06/07/2022,__NTRIND,0.93
06/08/2022,__NTRIND,0.97
06/09/2022,__NTRIND,2.52
06/10/2022,__NTRIND,1.35
06/13/2022,__NTRIND,2.6
06/14/2022,__NTRIND,0.83
06/15/2022,__NTRIND,0.78
06/16/2022,__NTRIND,2.11
06/17/2022,__NTRIND,1.03
06/21/2022,__NTRIND,0.63
06/22/2022,__NTRIND,1.26
06/23/2022,__NTRIND,1.32
06/24/2022,__NTRIND,1.36
06/27/2022,__NTRIND,1.05
06/28/2022,__NTRIND,1.28
06/29/2022,__NTRIND,1.62
06/30/2022,__NTRIND,1.66
07/01/2022,__NTRIND,0.82
07/05/2022,__NTRIND,1.36
07/06/2022,__NTRIND,1.5
07/07/2022,__NTRIND,0.47
07/08/2022,__NTRIND,1.52
07/11/2022,__NTRIND,1.91
07/12/2022,__NTRIND,1.17
07/13/2022,__NTRIND,0.92
07/14/2022,__NTRIND,1.73
07/15/2022,__NTRIND,0.55
07/18/2022,__NTRIND,0.77
07/19/2022,__NTRIND,0.38
07/20/2022,__NTRIND,1.22
07/21/2022,__NTRIND,1.12
07/22/2022,__NTRIND,1.98
07/25/2022,__NTRIND,0.84
07/26/2022,__NTRIND,1.31
07/27/2022,__NTRIND,0.91
07/28/2022,__NTRIND,1.23
07/29/2022,__NTRIND,1.13
08/01/2022,__NTRIND,1.36
08/02/2022,__NTRIND,1.24
08/03/2022,__NTRIND,1.14
08/04/2022,__NTRIND,1.33
08/05/2022,__NTRIND,0.51
08/08/2022,__NTRIND,1
08/09/2022,__NTRIND,0.72
08/10/2022,__NTRIND,0.5
08/11/2022,__NTRIND,0.89
08/12/2022,__NTRIND,0.62
08/15/2022,__NTRIND,1.25
08/16/2022,__NTRIND,0.72
08/17/2022,__NTRIND,1.03
08/18/2022,__NTRIND,1.03
08/19/2022,__NTRIND,0.9
08/22/2022,__NTRIND,0.99
08/23/2022,__NTRIND,0.82
08/24/2022,__NTRIND,0.7
08/25/2022,__NTRIND,0.64
08/26/2022,__NTRIND,1.71
08/29/2022,__NTRIND,0.95
08/30/2022,__NTRIND,0.97
08/31/2022,__NTRIND,0.94
09/01/2022,__NTRIND,0.74
09/02/2022,__NTRIND,1.18
09/06/2022,__NTRIND,0.89
09/07/2022,__NTRIND,0.62
09/08/2022,__NTRIND,0.6
09/09/2022,__NTRIND,0.5
09/12/2022,__NTRIND,0.56
09/13/2022,__NTRIND,2.44
09/14/2022,__NTRIND,0.98
09/15/2022,__NTRIND,0.74
09/16/2022,__NTRIND,1.28
09/19/2022,__NTRIND,0.5
09/20/2022,__NTRIND,1.6
09/21/2022,__NTRIND,2.52
09/22/2022,__NTRIND,0.75
09/23/2022,__NTRIND,1.23
09/26/2022,__NTRIND,1.29
09/27/2022,__NTRIND,0.83
09/28/2022,__NTRIND,0.53
09/29/2022,__NTRIND,1.3
09/30/2022,__NTRIND,0.94
10/03/2022,__NTRIND,0.49
10/04/2022,__NTRIND,0.32
10/05/2022,__NTRIND,0.83
10/06/2022,__NTRIND,1.29
10/07/2022,__NTRIND,1.71
10/10/2022,__NTRIND,1.2
10/11/2022,__NTRIND,0.88
10/12/2022,__NTRIND,0.76
10/13/2022,__NTRIND,0.51
10/14/2022,__NTRIND,1.62
10/17/2022,__NTRIND,0.32
10/18/2022,__NTRIND,0.59
10/19/2022,__NTRIND,0.9
10/20/2022,__NTRIND,0.68
10/21/2022,__NTRIND,0.5
10/24/2022,__NTRIND,0.99
10/25/2022,__NTRIND,0.81
10/26/2022,__NTRIND,0.99
10/27/2022,__NTRIND,0.95
10/28/2022,__NTRIND,1.06
10/31/2022,__NTRIND,1.1
11/01/2022,__NTRIND,0.8
11/02/2022,__NTRIND,2.43
11/03/2022,__NTRIND,0.69
11/04/2022,__NTRIND,0.8
11/07/2022,__NTRIND,1.09
11/08/2022,__NTRIND,1.07
11/09/2022,__NTRIND,2.33
11/10/2022,__NTRIND,0.9
11/11/2022,__NTRIND,0.76
11/14/2022,__NTRIND,1.12
11/15/2022,__NTRIND,1.09
11/16/2022,__NTRIND,2.1
11/17/2022,__NTRIND,0.77
11/18/2022,__NTRIND,0.93
11/21/2022,__NTRIND,1.15
11/22/2022,__NTRIND,1.14
11/23/2022,__NTRIND,1
11/25/2022,__NTRIND,1.23
11/28/2022,__NTRIND,1.77
11/29/2022,__NTRIND,0.58
11/30/2022,__NTRIND,0.61
12/01/2022,__NTRIND,1.7
12/02/2022,__NTRIND,0.88
12/05/2022,__NTRIND,2.3
12/06/2022,__NTRIND,0.91
12/07/2022,__NTRIND,1.49
12/08/2022,__NTRIND,0.82
12/09/2022,__NTRIND,0.86
12/12/2022,__NTRIND,0.51
12/13/2022,__NTRIND,1.54
12/14/2022,__NTRIND,1.31
12/15/2022,__NTRIND,1.5
12/16/2022,__NTRIND,1.46
12/19/2022,__NTRIND,0.96
12/20/2022,__NTRIND,0.75
12/21/2022,__NTRIND,0.49
12/22/2022,__NTRIND,0.77
12/23/2022,__NTRIND,0.82
12/27/2022,__NTRIND,0.74
12/28/2022,__NTRIND,1.37
12/29/2022,__NTRIND,0.49
12/30/2022,__NTRIND,1
01/03/2023,__NTRIND,1.36
01/04/2023,__NTRIND,0.71
01/05/2023,__NTRIND,1.02
01/06/2023,__NTRIND,0.94
01/09/2023,__NTRIND,1.29
01/10/2023,__NTRIND,0.76
01/11/2023,__NTRIND,1.34
01/12/2023,__NTRIND,1.22
01/13/2023,__NTRIND,1.13
01/17/2023,__NTRIND,1.41
01/18/2023,__NTRIND,2.82
01/19/2023,__NTRIND,1.42
01/20/2023,__NTRIND,0.57
01/23/2023,__NTRIND,0.97
01/24/2023,__NTRIND,1.36
01/25/2023,__NTRIND,0.76
01/26/2023,__NTRIND,1.2
01/27/2023,__NTRIND,1.04
01/30/2023,__NTRIND,1.34
01/31/2023,__NTRIND,0.55
02/01/2023,__NTRIND,1.3
02/02/2023,__NTRIND,1.25
02/03/2023,__NTRIND,1.12
02/06/2023,__NTRIND,0.76
02/07/2023,__NTRIND,0.89
02/08/2023,__NTRIND,1.19
02/09/2023,__NTRIND,1.15
02/10/2023,__NTRIND,0.81
02/13/2023,__NTRIND,0.84
02/14/2023,__NTRIND,1.01
02/15/2023,__NTRIND,0.74
02/16/2023,__NTRIND,1.08
02/17/2023,__NTRIND,0.99
02/21/2023,__NTRIND,1.02
02/22/2023,__NTRIND,0.98
02/23/2023,__NTRIND,1.35
02/24/2023,__NTRIND,0.82
02/27/2023,__NTRIND,1.5
02/28/2023,__NTRIND,1.26
03/01/2023,__NTRIND,0.89
03/02/2023,__NTRIND,0.74
03/03/2023,__NTRIND,0.74
03/06/2023,__NTRIND,1.29
03/07/2023,__NTRIND,1.65
03/08/2023,__NTRIND,1.02
03/09/2023,__NTRIND,2.52
03/10/2023,__NTRIND,1.52
03/13/2023,__NTRIND,1.03
03/14/2023,__NTRIND,0.91
03/15/2023,__NTRIND,1.02
03/16/2023,__NTRIND,0.92
03/17/2023,__NTRIND,1.85
03/20/2023,__NTRIND,0.72
03/21/2023,__NTRIND,0.7
03/22/2023,__NTRIND,3.12
03/23/2023,__NTRIND,1.15
03/24/2023,__NTRIND,0.79
03/27/2023,__NTRIND,0.78
03/28/2023,__NTRIND,0.82
03/29/2023,__NTRIND,0.62
03/30/2023,__NTRIND,1.32
03/31/2023,__NTRIND,0.89
04/03/2023,__NTRIND,1.13
04/04/2023,__NTRIND,1.19
04/05/2023,__NTRIND,0.93
04/06/2023,__NTRIND,0.96
04/10/2023,__NTRIND,0.7
04/11/2023,__NTRIND,0.83
04/12/2023,__NTRIND,1.6
04/13/2023,__NTRIND,0.94
04/14/2023,__NTRIND,0.83
04/17/2023,__NTRIND,0.72
04/18/2023,__NTRIND,0.94
04/19/2023,__NTRIND,0.95
04/20/2023,__NTRIND,1.63
04/21/2023,__NTRIND,1.08
04/24/2023,__NTRIND,1.05
04/25/2023,__NTRIND,1.42
04/26/2023,__NTRIND,1.57
04/27/2023,__NTRIND,0.59
04/28/2023,__NTRIND,0.99
05/01/2023,__NTRIND,0.94
05/02/2023,__NTRIND,1.44
05/03/2023,__NTRIND,1.3
05/04/2023,__NTRIND,0.92
05/05/2023,__NTRIND,0.59
05/08/2023,__NTRIND,0.74
05/09/2023,__NTRIND,0.88
05/10/2023,__NTRIND,1.41
05/11/2023,__NTRIND,1.06
05/12/2023,__NTRIND,1.11
05/15/2023,__NTRIND,0.77
05/16/2023,__NTRIND,1.41
05/17/2023,__NTRIND,0.68
05/18/2023,__NTRIND,0.96
05/19/2023,__NTRIND,1.15
05/22/2023,__NTRIND,0.85
05/23/2023,__NTRIND,0.81
05/24/2023,__NTRIND,0.97
05/25/2023,__NTRIND,1.15
05/26/2023,__NTRIND,1.01
05/30/2023,__NTRIND,1.25
05/31/2023,__NTRIND,1.12
06/01/2023,__NTRIND,1.01
06/02/2023,__NTRIND,0.76
06/05/2023,__NTRIND,0.97
06/06/2023,__NTRIND,0.83
06/07/2023,__NTRIND,0.69
06/08/2023,__NTRIND,1.2
06/09/2023,__NTRIND,0.9
06/12/2023,__NTRIND,0.86
06/13/2023,__NTRIND,0.63
06/14/2023,__NTRIND,1.07
06/15/2023,__NTRIND,0.65
06/16/2023,__NTRIND,0.88
06/20/2023,__NTRIND,1.61
06/21/2023,__NTRIND,1.25
06/22/2023,__NTRIND,1.18
06/23/2023,__NTRIND,1.62
06/26/2023,__NTRIND,0.92
06/27/2023,__NTRIND,0.65
06/28/2023,__NTRIND,1.22
06/29/2023,__NTRIND,0.65
06/30/2023,__NTRIND,0.9
07/03/2023,__NTRIND,0.76
07/05/2023,__NTRIND,0.82
07/06/2023,__NTRIND,1.36
07/07/2023,__NTRIND,0.92
07/10/2023,__NTRIND,0.94
07/11/2023,__NTRIND,0.74
07/12/2023,__NTRIND,1.45
07/13/2023,__NTRIND,1.1
07/14/2023,__NTRIND,1.61
07/17/2023,__NTRIND,1.1
07/18/2023,__NTRIND,1.17
07/19/2023,__NTRIND,0.92
07/20/2023,__NTRIND,0.79
07/21/2023,__NTRIND,1
07/24/2023,__NTRIND,0.75
07/25/2023,__NTRIND,1.33
07/26/2023,__NTRIND,0.99
07/27/2023,__NTRIND,1.01
07/28/2023,__NTRIND,1.04
07/31/2023,__NTRIND,1.26
08/01/2023,__NTRIND,1.1
08/02/2023,__NTRIND,0.9
08/03/2023,__NTRIND,0.7
08/04/2023,__NTRIND,1.75
08/07/2023,__NTRIND,0.89
08/08/2023,__NTRIND,1.04
08/09/2023,__NTRIND,1.23
08/10/2023,__NTRIND,0.92
08/11/2023,__NTRIND,0.86
08/14/2023,__NTRIND,1.1
08/15/2023,__NTRIND,1.28
08/16/2023,__NTRIND,0.93
08/17/2023,__NTRIND,0.65
08/18/2023,__NTRIND,0.69
08/21/2023,__NTRIND,0.78
08/22/2023,__NTRIND,1.2
08/23/2023,__NTRIND,2
08/24/2023,__NTRIND,0.53
08/25/2023,__NTRIND,0.92
08/28/2023,__NTRIND,0.75
08/29/2023,__NTRIND,0.95
08/30/2023,__NTRIND,1.33
08/31/2023,__NTRIND,1.31
09/01/2023,__NTRIND,0.69
09/05/2023,__NTRIND,0.96
09/06/2023,__NTRIND,0.92
09/07/2023,__NTRIND,1.22
09/08/2023,__NTRIND,0.88
09/11/2023,__NTRIND,0.9
09/12/2023,__NTRIND,0.7
09/13/2023,__NTRIND,1.31
09/14/2023,__NTRIND,0.78
09/15/2023,__NTRIND,0.81
09/18/2023,__NTRIND,1.56
09/19/2023,__NTRIND,0.98
09/20/2023,__NTRIND,1.24
09/21/2023,__NTRIND,1.27
09/22/2023,__NTRIND,1.18
09/25/2023,__NTRIND,0.67
09/26/2023,__NTRIND,1.37
09/27/2023,__NTRIND,0.87
09/28/2023,__NTRIND,0.86
09/29/2023,__NTRIND,1.07
10/02/2023,__NTRIND,1.03
10/03/2023,__NTRIND,0.69
10/04/2023,__NTRIND,1.06
10/05/2023,__NTRIND,0.86
10/06/2023,__NTRIND,0.77
10/09/2023,__NTRIND,1.1
10/10/2023,__NTRIND,0.75
10/11/2023,__NTRIND,1.24
10/12/2023,__NTRIND,1.11
10/13/2023,__NTRIND,0.83
10/16/2023,__NTRIND,0.41
10/17/2023,__NTRIND,0.54
10/18/2023,__NTRIND,1.05
10/19/2023,__NTRIND,0.91
10/20/2023,__NTRIND,1.4
10/23/2023,__NTRIND,1.12
10/24/2023,__NTRIND,1.12
10/25/2023,__NTRIND,0.71
10/26/2023,__NTRIND,0.85
10/27/2023,__NTRIND,1.42
10/30/2023,__NTRIND,0.9
10/31/2023,__NTRIND,0.97
11/01/2023,__NTRIND,1.62
11/02/2023,__NTRIND,0.82
11/03/2023,__NTRIND,1.23
11/06/2023,__NTRIND,1.4
11/07/2023,__NTRIND,1.35
11/08/2023,__NTRIND,1.51
11/09/2023,__NTRIND,1.15
11/10/2023,__NTRIND,1.06
11/13/2023,__NTRIND,1.34
11/14/2023,__NTRIND,0.96
11/15/2023,__NTRIND,0.67
11/16/2023,__NTRIND,1.66
11/17/2023,__NTRIND,0.89
11/20/2023,__NTRIND,1.05
11/21/2023,__NTRIND,1.18
11/22/2023,__NTRIND,0.99
11/24/2023,__NTRIND,0.87
11/27/2023,__NTRIND,1.41
11/28/2023,__NTRIND,0.95
11/29/2023,__NTRIND,1.14
11/30/2023,__NTRIND,0.66
12/01/2023,__NTRIND,0.9
12/04/2023,__NTRIND,0.88
12/05/2023,__NTRIND,1.89
12/06/2023,__NTRIND,1.18
12/07/2023,__NTRIND,1.12
12/08/2023,__NTRIND,0.66
12/11/2023,__NTRIND,0.89
12/12/2023,__NTRIND,1.44
12/13/2023,__NTRIND,0.77
12/14/2023,__NTRIND,1.05
12/15/2023,__NTRIND,1.79
12/18/2023,__NTRIND,0.99
12/19/2023,__NTRIND,0.73
12/20/2023,__NTRIND,3.61
12/21/2023,__NTRIND,0.43
12/22/2023,__NTRIND,1.12
12/26/2023,__NTRIND,0.86
12/27/2023,__NTRIND,1.42
12/28/2023,__NTRIND,0.8
12/29/2023,__NTRIND,1.36
01/02/2024,__NTRIND,0.78
01/03/2024,__NTRIND,1.15
01/04/2024,__NTRIND,0.96
01/05/2024,__NTRIND,0.65
01/08/2024,__NTRIND,1.3
01/09/2024,__NTRIND,1.48
01/10/2024,__NTRIND,1.44
01/11/2024,__NTRIND,1.6
01/12/2024,__NTRIND,1.52
01/16/2024,__NTRIND,1.34
01/17/2024,__NTRIND,1.53
01/18/2024,__NTRIND,1.27
01/19/2024,__NTRIND,0.9
01/22/2024,__NTRIND,1.87
01/23/2024,__NTRIND,0.71
01/24/2024,__NTRIND,1.44
01/25/2024,__NTRIND,1.06
01/26/2024,__NTRIND,0.87
01/29/2024,__NTRIND,1.21
01/30/2024,__NTRIND,1.21
01/31/2024,__NTRIND,1.46
02/01/2024,__NTRIND,1.39
02/02/2024,__NTRIND,0.94
02/05/2024,__NTRIND,1.32
02/06/2024,__NTRIND,0.91
02/07/2024,__NTRIND,1.18
02/08/2024,__NTRIND,1.06
02/09/2024,__NTRIND,1.6
02/12/2024,__NTRIND,0.81
02/13/2024,__NTRIND,1.04
02/14/2024,__NTRIND,1
02/15/2024,__NTRIND,1.08
02/16/2024,__NTRIND,0.98
02/20/2024,__NTRIND,1.32
02/21/2024,__NTRIND,0.79
02/22/2024,__NTRIND,1.3
02/23/2024,__NTRIND,1.18
02/26/2024,__NTRIND,0.99
02/27/2024,__NTRIND,0.63
02/28/2024,__NTRIND,1.04
02/29/2024,__NTRIND,1.14
03/01/2024,__NTRIND,1.15
03/04/2024,__NTRIND,0.87
03/05/2024,__NTRIND,0.85
03/06/2024,__NTRIND,1.07
03/07/2024,__NTRIND,1.43
03/08/2024,__NTRIND,1.17
03/11/2024,__NTRIND,0.66
03/12/2024,__NTRIND,1.14
03/13/2024,__NTRIND,0.89
03/14/2024,__NTRIND,1.09
03/15/2024,__NTRIND,0.98
03/18/2024,__NTRIND,0.93
03/19/2024,__NTRIND,1.28
03/20/2024,__NTRIND,0.82
03/21/2024,__NTRIND,1.19
03/22/2024,__NTRIND,1.72
03/25/2024,__NTRIND,0.7
03/26/2024,__NTRIND,1.05
03/27/2024,__NTRIND,0.75
03/28/2024,__NTRIND,0.8
04/01/2024,__NTRIND,0.94
04/02/2024,__NTRIND,0.81
04/03/2024,__NTRIND,1.1
04/04/2024,__NTRIND,1.8
04/05/2024,__NTRIND,0.77
04/08/2024,__NTRIND,1.1
04/09/2024,__NTRIND,0.74
04/10/2024,__NTRIND,0.75
04/11/2024,__NTRIND,1.24
04/12/2024,__NTRIND,2.24
04/15/2024,__NTRIND,0.75
04/16/2024,__NTRIND,1.32
04/17/2024,__NTRIND,0.88
04/18/2024,__NTRIND,0.71
04/19/2024,__NTRIND,0.85
04/22/2024,__NTRIND,0.97
04/23/2024,__NTRIND,1.3
04/24/2024,__NTRIND,0.78
04/25/2024,__NTRIND,0.59
04/26/2024,__NTRIND,1.27
04/29/2024,__NTRIND,1.13
04/30/2024,__NTRIND,1.61
05/01/2024,__NTRIND,1.17
05/02/2024,__NTRIND,1.13
05/03/2024,__NTRIND,1.53
05/06/2024,__NTRIND,1.13
05/07/2024,__NTRIND,1.45
05/08/2024,__NTRIND,0.82
05/09/2024,__NTRIND,0.91
05/10/2024,__NTRIND,1.24
05/13/2024,__NTRIND,0.87
05/14/2024,__NTRIND,0.76
05/15/2024,__NTRIND,1.94
05/16/2024,__NTRIND,1.01
05/17/2024,__NTRIND,0.82
05/20/2024,__NTRIND,1.3
05/21/2024,__NTRIND,1.12
05/22/2024,__NTRIND,0.77
05/23/2024,__NTRIND,1.15
05/24/2024,__NTRIND,1.2
05/28/2024,__NTRIND,0.77
05/29/2024,__NTRIND,0.96
05/30/2024,__NTRIND,1.05
05/31/2024,__NTRIND,0.9
06/03/2024,__NTRIND,1.5
06/04/2024,__NTRIND,1.58
06/05/2024,__NTRIND,1.14
06/06/2024,__NTRIND,1.02
06/07/2024,__NTRIND,0.97
06/10/2024,__NTRIND,0.94
06/11/2024,__NTRIND,1.32
06/12/2024,__NTRIND,2.16
06/13/2024,__NTRIND,1.32
06/14/2024,__NTRIND,1.38
06/17/2024,__NTRIND,0.85
06/18/2024,__NTRIND,1.23
06/20/2024,__NTRIND,0.68
06/21/2024,__NTRIND,1.07
06/24/2024,__NTRIND,0.84
06/25/2024,__NTRIND,1.62
06/26/2024,__NTRIND,0.98
06/27/2024,__NTRIND,1.19
06/28/2024,__NTRIND,0.89
07/01/2024,__NTRIND,1.09
07/02/2024,__NTRIND,1.31
07/03/2024,__NTRIND,1.36
07/05/2024,__NTRIND,1.48
07/08/2024,__NTRIND,0.9
07/09/2024,__NTRIND,0.93
07/10/2024,__NTRIND,1.08
07/11/2024,__NTRIND,1.05
07/12/2024,__NTRIND,1.39
07/15/2024,__NTRIND,1
07/16/2024,__NTRIND,0.8
07/17/2024,__NTRIND,0.87
07/18/2024,__NTRIND,1.01
07/19/2024,__NTRIND,0.61
07/22/2024,__NTRIND,1.18
07/23/2024,__NTRIND,1.19
07/24/2024,__NTRIND,0.71
07/25/2024,__NTRIND,1.1
07/26/2024,__NTRIND,1
07/29/2024,__NTRIND,1.22
07/30/2024,__NTRIND,1.04
07/31/2024,__NTRIND,1.62
08/01/2024,__NTRIND,1.49
08/02/2024,__NTRIND,1.53
08/05/2024,__NTRIND,1.26
08/06/2024,__NTRIND,0.85
08/07/2024,__NTRIND,1.16
08/08/2024,__NTRIND,0.55
08/09/2024,__NTRIND,1.09
08/12/2024,__NTRIND,1.01
08/13/2024,__NTRIND,1.06
08/14/2024,__NTRIND,1.2
08/15/2024,__NTRIND,0.62
08/16/2024,__NTRIND,1.33
08/19/2024,__NTRIND,0.69
08/20/2024,__NTRIND,1.52
08/21/2024,__NTRIND,1.27
08/22/2024,__NTRIND,1.03
08/23/2024,__NTRIND,0.75
08/26/2024,__NTRIND,0.94
08/27/2024,__NTRIND,1.23
08/28/2024,__NTRIND,1.16
08/29/2024,__NTRIND,1.1
08/30/2024,__NTRIND,0.47
09/03/2024,__NTRIND,1.29
09/04/2024,__NTRIND,1.27
09/05/2024,__NTRIND,1.3
09/06/2024,__NTRIND,1.23
09/09/2024,__NTRIND,0.94
09/10/2024,__NTRIND,1.65
09/11/2024,__NTRIND,1.03
09/12/2024,__NTRIND,1.32
09/13/2024,__NTRIND,1
09/16/2024,__NTRIND,0.97
09/17/2024,__NTRIND,1.01
09/18/2024,__NTRIND,1.06
09/19/2024,__NTRIND,1.38
09/20/2024,__NTRIND,0.87
09/23/2024,__NTRIND,0.96
09/24/2024,__NTRIND,1.24
09/25/2024,__NTRIND,1.17
09/26/2024,__NTRIND,0.93
09/27/2024,__NTRIND,0.81
09/30/2024,__NTRIND,1.02
10/01/2024,__NTRIND,1.01
10/02/2024,__NTRIND,0.77
10/03/2024,__NTRIND,0.83
10/04/2024,__NTRIND,0.6
10/07/2024,__NTRIND,0.8
10/08/2024,__NTRIND,1.4
10/09/2024,__NTRIND,0.79
10/10/2024,__NTRIND,0.98
10/11/2024,__NTRIND,1.02
10/14/2024,__NTRIND,1.01
10/15/2024,__NTRIND,1.14
10/16/2024,__NTRIND,1.08
10/17/2024,__NTRIND,1.03
10/18/2024,__NTRIND,1.12
10/21/2024,__NTRIND,0.97
10/22/2024,__NTRIND,0.79
10/23/2024,__NTRIND,0.61
10/24/2024,__NTRIND,1.09
10/25/2024,__NTRIND,1.24
10/28/2024,__NTRIND,0.73
10/29/2024,__NTRIND,1.16
10/30/2024,__NTRIND,0.97
10/31/2024,__NTRIND,0.97
11/01/2024,__NTRIND,1.19
11/04/2024,__NTRIND,1.12
11/05/2024,__NTRIND,0.99
11/06/2024,__NTRIND,0.74
11/07/2024,__NTRIND,1.46
11/08/2024,__NTRIND,1.62
11/11/2024,__NTRIND,0.79
11/12/2024,__NTRIND,0.9
11/13/2024,__NTRIND,0.82
11/14/2024,__NTRIND,0.9
11/15/2024,__NTRIND,0.75
11/18/2024,__NTRIND,0.97
11/19/2024,__NTRIND,1.14
11/20/2024,__NTRIND,0.68
11/21/2024,__NTRIND,0.79
11/22/2024,__NTRIND,0.94
11/25/2024,__NTRIND,1.31
11/26/2024,__NTRIND,1.05
11/27/2024,__NTRIND,1.16
11/29/2024,__NTRIND,1.73
12/02/2024,__NTRIND,1.52
12/03/2024,__NTRIND,1.07
12/04/2024,__NTRIND,1.7
12/05/2024,__NTRIND,0.95
12/06/2024,__NTRIND,1.11
12/09/2024,__NTRIND,0.71
12/10/2024,__NTRIND,1.13
12/11/2024,__NTRIND,1.32
12/12/2024,__NTRIND,0.85
12/13/2024,__NTRIND,0.86
12/16/2024,__NTRIND,1.3
12/17/2024,__NTRIND,0.7
12/18/2024,__NTRIND,1.16
12/19/2024,__NTRIND,0.67
12/20/2024,__NTRIND,0.6
12/23/2024,__NTRIND,0.78
12/24/2024,__NTRIND,0.7
12/26/2024,__NTRIND,1.01
12/27/2024,__NTRIND,1.08
12/30/2024,__NTRIND,1.56
12/31/2024,__NTRIND,0.77
01/02/2025,__NTRIND,0.95
01/03/2025,__NTRIND,1.31
01/06/2025,__NTRIND,0.83
01/07/2025,__NTRIND,0.57
01/08/2025,__NTRIND,1.2
01/10/2025,__NTRIND,0.76
01/13/2025,__NTRIND,0.74
01/14/2025,__NTRIND,1.04
01/15/2025,__NTRIND,1.47
01/16/2025,__NTRIND,0.96
01/17/2025,__NTRIND,1.36
01/21/2025,__NTRIND,1.44
01/22/2025,__NTRIND,1.35
01/23/2025,__NTRIND,0.73
01/24/2025,__NTRIND,1.08
01/27/2025,__NTRIND,0.97
01/28/2025,__NTRIND,1.1
01/29/2025,__NTRIND,0.76
01/30/2025,__NTRIND,1.6
01/31/2025,__NTRIND,1.51
02/03/2025,__NTRIND,0.98
02/04/2025,__NTRIND,1.43
02/05/2025,__NTRIND,1.7
02/06/2025,__NTRIND,1.14
02/07/2025,__NTRIND,0.73
02/10/2025,__NTRIND,1.09
02/11/2025,__NTRIND,0.95
02/12/2025,__NTRIND,0.68
02/13/2025,__NTRIND,1.51
02/14/2025,__NTRIND,1.54
02/18/2025,__NTRIND,0.69
02/19/2025,__NTRIND,1.05
02/20/2025,__NTRIND,0.96
02/21/2025,__NTRIND,1.15
02/24/2025,__NTRIND,0.93
02/25/2025,__NTRIND,1.39
02/26/2025,__NTRIND,1.05
02/27/2025,__NTRIND,0.81
02/28/2025,__NTRIND,0.82
03/03/2025,__NTRIND,1.69
03/04/2025,__NTRIND,1.04
03/05/2025,__NTRIND,0.68
03/06/2025,__NTRIND,0.77
03/07/2025,__NTRIND,0.7
03/10/2025,__NTRIND,0.9
03/11/2025,__NTRIND,0.84
03/12/2025,__NTRIND,1.12
03/13/2025,__NTRIND,0.99
03/14/2025,__NTRIND,0.54